pays,code,recettes_pct_conso,taux_normal,taux_de_couverture
Danemark,DK,21.18,25.0,84.7
Pays-Bas,NL,16.15,21.0,76.9
Suède,SE,19.04,25.0,76.2
Autriche,AT,15.09,20.0,75.5
Estonie,EE,17.99,24.0,74.9
Tchéquie,CZ,15.33,21.0,73.0
Finlande,FI,18.2,25.5,71.4
Allemagne,DE,12.66,19.0,66.7
Hongrie,HU,17.88,27.0,66.2
France,FR,12.93,20.0,64.7
Portugal,PT,14.87,23.0,64.7
Irlande,IE,14.8,23.0,64.4
Pologne,PL,13.88,23.0,60.3
Belgique,BE,11.72,21.0,55.8
Espagne,ES,11.6,21.0,55.2
Grèce,EL,13.15,24.0,54.8
Italie,IT,11.4,22.0,51.8
