pays;code;net_1975_1980;net_1980_1990;net_1990_2000;brut_1975_1980;brut_1980_1990;brut_1990_2000
États-Unis;USA;42.2;37.9;39.5;29.2;25.8;27.3
Japon;JPN;35.4;47.6;50.0;24.4;31.1;27.9
Allemagne;DEU;37.5;38.7;34.9;23.6;23.1;21.2
France;FRA;42.0;51.9;55.9;25.3;30.0;33.2
Italie;ITA;21.7;32.7;42.7;15.2;23.6;31.0
Royaume-Uni;GBR;64.2;69.9;53.2;37.2;40.5;34.0
Canada;CAN;45.2;46.2;59.5;30.8;31.0;36.8
Australie;AUS;44.5;46.2;49.4;27.3;28.4;30.7
Autriche;AUT;45.1;40.3;42.2;23.7;22.3;24.3
Belgique;BEL;49.6;50.0;51.4;31.5;31.3;32.7
Finlande;FIN;36.5;40.2;48.9;21.5;22.7;26.0
Corée;KOR;9.7;13.2;22.5;8.3;10.5;16.7
Norvège;NOR;42.4;50.3;39.4;24.6;29.3;24.7
Espagne;ESP;12.8;20.5;28.8;9.1;14.2;20.0
Suède;SWE;71.8;70.3;69.9;34.1;35.3;35.7
Suisse;CHE;38.4;47.0;53.2;24.4;26.5;27.1
