pays,code,aw67,aw100,aw167
Belgique,BEL,45.71544,52.482196,58.643176
Allemagne,DEU,45.545252,49.263147,49.986116
France,FRA,41.173728,47.178061,54.117495
Autriche,AUT,42.728311,47.088429,49.511373
Italie,ITA,38.531232,45.75739,54.286799
Estonie,EST,37.032653,42.636771,42.636771
Finlande,FIN,35.7677,42.479908,49.153324
Moyenne UE de l'OCDE,EU22OECD,37.313594,41.725044,46.138624
Espagne,ESP,37.855472,41.444078,46.177273
Tchéquie,CZE,39.258744,41.20022,42.781654
Hongrie,HUN,41.150442,41.150442,41.150442
Suède,SWE,38.815663,41.135843,48.814138
Portugal,PRT,36.057193,39.337391,45.183663
Grèce,GRC,35.250923,39.33703,44.94676
Pays-Bas,NLD,27.543655,35.93926,42.246617
Danemark,DNK,33.152973,35.757013,41.828456
Moyenne OCDE,OECD_REP,31.276543,35.08354,39.353843
Pologne,POL,33.440038,35.026123,39.178584
Irlande,IRL,24.504426,32.632786,41.937292
Royaume-Uni,GBR,27.979474,32.378882,39.322436
États-Unis,USA,27.470829,29.977066,34.374907
