pays,code,eatr_pct,emtr_pct
Portugal,PRT,28.23,25.64
Allemagne,DEU,27.0,2.47
Italie,ITA,25.42,22.84
Belgique,BEL,24.23,25.69
France,FRA,23.8,20.56
Espagne,ESP,23.67,23.31
Pays-Bas,NLD,23.21,1.09
Autriche,AUT,23.01,29.97
Royaume-Uni,GBR,22.93,16.99
Danemark,DNK,22.46,31.52
Tchéquie,CZE,22.19,40.84
Estonie,EST,21.58,0.0
Grèce,GRC,21.56,25.48
Suède,SWE,21.28,33.44
Finlande,FIN,20.69,29.48
États-Unis,USA,20.38,-2.86
Pologne,POL,13.9,-29.14
Irlande,IRL,13.23,19.33
Hongrie,HUN,12.73,27.43
