panneau;ordre;etude;libelle;valeur;es;spec_bas;spec_haut;statut;affichage;publication;source
chl_revenu;1;Cabannes, Houdré et Landais (2014);déciles 2 à 6;0.01;;;;principal;0,01;Économie et Statistique n° 467-468, p. 141-162;p. 156, tableau 4, modèle 6 : p = 0,39, non significatif (modèle 5 : 0,01), pas d'écart-type publié
chl_revenu;2;Cabannes, Houdré et Landais (2014);déciles 7 à 9;0.00;;;;principal;0,00;Économie et Statistique n° 467-468, p. 141-162;p. 156, tableau 4, modèle 6 : p = 0,91, non significatif (modèle 5 : 0,00)
chl_revenu;3;Cabannes, Houdré et Landais (2014);décile supérieur;0.31;;0.31;0.50;principal;0,31;Économie et Statistique n° 467-468, p. 141-162;p. 156, tableau 4, modèle 6 : p < 0,0001 (modèle 5, pondération de sondage et effet revenu : 0,50)
sicsic_revenu;1;Sicsic (2022);50 % du bas;0.222;0.024;;;principal;0,22;Fiscal Studies 43(3), p. 291-319 (lu : TEPP WP 2020-03);p. 31, tableau 6, colonne 2, taux net de l'impôt sur le revenu
sicsic_revenu;2;Sicsic (2022);40 % du milieu;0.332;0.025;;;principal;0,33;Fiscal Studies 43(3), p. 291-319 (lu : TEPP WP 2020-03);p. 31, tableau 6, colonne 3
sicsic_revenu;3;Sicsic (2022);10 % du haut;0.508;0.100;;;principal;0,51;Fiscal Studies 43(3), p. 291-319 (lu : TEPP WP 2020-03);p. 31, tableau 6, colonne 4
lmr_prelevement;1;Lehmann, Marical et Rioux (2013);impôt sur le revenu;0.225;0.085;;;principal;0,23;Journal of Public Economics 99, p. 66-84 (lu : IZA DP 6108, 2011);p. 25, tableau 2, colonne 3, taux net marginal de l'impôt sur le revenu
lmr_prelevement;2;Lehmann, Marical et Rioux (2013);cotisations sociales;0.016;0.096;;;principal;0,02;Journal of Public Economics 99, p. 66-84 (lu : IZA DP 6108, 2011);p. 25, tableau 2, colonne 3, taux net marginal des cotisations
sicsic_dispositif;1;Sicsic (2022);impôt sur le revenu;0.260;0.018;;;principal;0,26;Fiscal Studies 43(3), p. 291-319 (lu : TEPP WP 2020-03);p. 23, tableau 2
sicsic_dispositif;2;Sicsic (2022);RSA activité;0.090;0.009;;;principal;0,09;Fiscal Studies 43(3), p. 291-319 (lu : TEPP WP 2020-03);p. 23, tableau 2
sicsic_dispositif;3;Sicsic (2022);prestations|familiales;-0.018;0.016;;;principal;−0,02;Fiscal Studies 43(3), p. 291-319 (lu : TEPP WP 2020-03);p. 23, tableau 2, non significatif
lefebvre_travail_capital;1;Lefebvre, Lehmann, Sicsic et Zanoutene (2020);revenus d'activité|et pensions;0.0549;0.0039;-0.279;0.157;principal;0,05;rapport pour France Stratégie, septembre 2020;p. 61, tableau 1.14, ligne 1, colonne a, éventail des 15 spécifications des tableaux 1.14 à 1.16, p. 61, 64 et 66 (contrôles de revenu, instruments de Weber, différences de deux ans)
lefebvre_travail_capital;2;Lefebvre, Lehmann, Sicsic et Zanoutene (2020);revenus|du capital;0.6654;0.0061;0.302;1.167;principal;0,67;rapport pour France Stratégie, septembre 2020;p. 61, tableau 1.14, ligne 1, colonne d, éventail des 15 spécifications des tableaux 1.14 à 1.16, p. 61, 64 et 66 (contrôles de revenu, instruments de Weber, différences de deux ans)
bach_controle;1;Bach, Bozio, Guillouzouic, Leroy et Malgouyres (2024);contrôlent|une société;2.5;;;;principal;2,5 en 2018;document de travail, septembre 2024;p. 17, baisse de 2018, estimation que les auteurs jugent la mieux mesurée, pas d'écart-type publié
bach_controle;1;Bach, Bozio, Guillouzouic, Leroy et Malgouyres (2024);contrôlent|une société;3.2;;;;secondaire;3,2 en 2013;document de travail, septembre 2024;p. 17, hausse de 2013, détention des sociétés mal mesurée
bach_controle;2;Bach, Bozio, Guillouzouic, Leroy et Malgouyres (2024);autres|foyers;0;;;;principal;≈ 0 en 2018;document de travail, septembre 2024;p. 17 : « insignificantly different from 0 », valeur non publiée
bach_controle;2;Bach, Bozio, Guillouzouic, Leroy et Malgouyres (2024);autres|foyers;2.4;;;;secondaire;2,4 en 2013;document de travail, septembre 2024;p. 17, surestimée selon les auteurs, parce que la détention est mal mesurée en 2013
garbinti_information;1;Garbinti, Goupille-Lebret, Muñoz, Stantcheva et Zucman (2026);seuil de tranche :|le taux change;0.03;0.01;;;principal;0,03;NBER WP 31333, version révisée de mai 2026;p. 29 et figure 1, panneau B, p. 37 : baisse de la croissance annuelle du patrimoine déclaré au deuxième seuil, 2006-2010
garbinti_information;2;Garbinti, Goupille-Lebret, Muñoz, Stantcheva et Zucman (2026);seuil de déclaration :|l'information change;0.28;0.03;;;principal;0,28;NBER WP 31333, version révisée de mai 2026;p. 29 et figure 9, panneau F, p. 42 : baisse moyenne de la croissance entre 2012 et 2013, tous les groupes situés autour du seuil de la déclaration simplifiée (2,57 millions d'euros)
fack_controle;1;Fack et Landais (2016);avant 1983 :|reçu conservé;1.862;0.197;1.345;2.232;principal;1,86;Journal of Public Economics 133, p. 23-40 (lu : document de travail, novembre 2013);p. 40, tableau 2, colonne 4, élasticité-prix des dons déclarés en valeur absolue, éventail des colonnes 1 à 5
fack_controle;2;Fack et Landais (2016);après 1983 :|reçu joint;0.357;0.166;0.192;0.569;principal;0,36;Journal of Public Economics 133, p. 23-40 (lu : document de travail, novembre 2013);p. 40, tableau 2, colonne 4, éventail des colonnes 1 à 5
comp_activite;1;Lehmann, Marical et Rioux (2013);Lehmann et al.|salariés du privé|2003-2006;0.225;0.085;0.194;0.240;principal;0,23;Journal of Public Economics 99, p. 66-84 (lu : IZA DP 6108, 2011);p. 25, tableau 2, colonne 3, éventail des tableaux 2 à 4 (0,194 à 0,240)
comp_activite;2;Sicsic (2022);Sicsic|salariés|2006-2015;0.296;0.020;;;secondaire;0,30;Fiscal Studies 43(3), p. 291-319 (lu : TEPP WP 2020-03);p. 31, tableau 7, colonne 1 (salariés seuls)
comp_activite;3;Sicsic (2022);Sicsic|salariés et|indépendants|2006-2015;0.260;0.018;0.170;0.381;principal;0,26;Fiscal Studies 43(3), p. 291-319 (lu : TEPP WP 2020-03);p. 23, tableau 2, éventail des tableaux 3, 4, 5, A5, A6 et A7 (0,170 à 0,381)
comp_capital;1;Lefebvre, Lehmann, Sicsic et Zanoutene (2020);rapport|2,85 millions|de foyers;0.6654;0.0061;0.302;1.167;principal;0,67;rapport pour France Stratégie, septembre 2020;p. 61, tableau 1.14, ligne 1, colonne d, éventail des 15 spécifications des tableaux 1.14 à 1.16
;;Cabannes, Houdré et Landais (2014);ensemble des foyers, premier décile exclu;0.02;;0.01;0.02;principal;0,02;Économie et Statistique n° 467-468, p. 141-162;p. 154, tableau 3, modèle 6 (modèles 1 à 6 : 0,01 à 0,02), pas d'écart-type publié
;;Sicsic (2022);ensemble des transferts;0.086;0.007;;;principal;0,09;Fiscal Studies 43(3), p. 291-319 (lu : TEPP WP 2020-03);p. 23, tableau 2
;;Lehmann, Marical et Rioux (2013);femmes, impôt sur le revenu;0.879;0.234;;;principal;0,88;Journal of Public Economics 99, p. 66-84 (lu : IZA DP 6108, 2011);p. 28, tableau 4, colonne 2 (hommes : -0,024, écart-type 0,113)
comp_capital;2;Lefebvre, Lehmann et Sicsic (2025);article|2,29 millions|de foyers;0.767;0.011;0.221;1.174;principal;0,77;Scandinavian Journal of Economics, 2025 (lu : IZA DP 16112, 2023);p. 21, tableau 2, colonne b, éventail des 20 spécifications des tableaux 3 et 4, p. 22 et 24 (0,221 à 1,174), 2 294 332 foyers en 2011 (tableau 1)
;;Lefebvre, Lehmann et Sicsic (2025);revenus du travail, au taux net sur le capital (élasticité croisée);;;0.036;0.083;principal;0,04 à 0,08;Scandinavian Journal of Economics, 2025 (lu : IZA DP 16112, 2023);p. 21, tableau 2, colonnes a
;;Lardeux (2018);obligations alimentaires reçues, au taux marginal perçu;0.7;;0.54;0.87;principal;0,7;document de travail Insee G2018/04;p. 6 et p. 31, tableau 4 (0,54 à 0,87 selon l'année)
;;Garbinti, Goupille-Lebret, Muñoz, Stantcheva et Zucman (2026);croissance du patrimoine déclaré, au taux net de l'ISF;0.13;0.04;0.02;0.14;principal;0,13;NBER WP 31333, version révisée de mai 2026;figure 1, panneau B, p. 37 (deuxième seuil), 0,02 à 0,14 selon le seuil et la méthode
;;Bach, Bozio, Grimprel, Guillouzouic, Landais et Malgouyres (2025);résidents parmi les 1 % les plus aisés, au revenu net d'impôt;;;0.02;0.18;principal;0,02 à 0,18;Focus du CAE n° 118, juillet 2025;p. 10 et annexe A3, p. 26, élasticité de long terme
;;Aghion, Akcigit, Gravoueille, Lequien et Stantcheva (2023);montant dissimulé, au taux d'imposition;1.1;;1.1;1.2;principal;1,1;document de travail, 11 mai 2023;p. 35 (1,1 en 2009-2013, 1,2 en 2014-2015), élasticité réelle supposée nulle
;;Carbonnier (2021);participation des femmes mariées, au taux de rétention;;;1.0;2.0;principal;1 à 2;Revue économique 72(2), p. 215-244;résumé de l'article
