code;1965;1966;1967;1968;1969;1970;1971;1972;1973;1974;1975;1976;1977;1978;1979;1980;1981;1982;1983;1984;1985;1986;1987;1988;1989;1990;1991;1992;1993;1994;1995;1996;1997;1998;1999;2000;2001;2002;2003;2004;2005;2006;2007;2008;2009;2010;2011;2012;2013;2014;2015;2016;2017;2018;2019;2020;2021;2022;2023;2024
AUS;3.3547;2.9690;2.9442;3.1753;3.2434;3.5766;3.4457;3.2797;3.3680;3.4341;3.1410;3.0363;3.0630;2.6584;2.6290;3.1839;2.9865;2.7094;2.3300;2.5813;2.5920;2.5953;2.9447;3.0162;3.5517;3.9679;3.8341;3.7625;3.3897;3.8841;4.1615;4.3396;4.1723;4.2685;4.6374;6.1402;4.3366;4.9401;4.9493;5.4523;5.7480;6.2683;6.6586;5.6574;4.5782;4.5131;4.9960;4.9711;4.7583;4.4313;4.1996;4.4927;5.2266;5.4123;4.7443;5.3208;6.5631;6.3894;5.8172;
AUT;1.8090;1.6533;1.4954;1.4121;1.5190;1.4814;1.4802;1.4331;1.1926;1.4286;1.5867;1.2650;1.2798;1.2884;1.3379;1.3647;1.3188;1.1336;1.1437;1.2715;1.4029;1.3790;1.3150;1.3260;1.5402;1.4090;1.4391;1.6802;1.4701;1.2769;1.3535;1.8533;1.9631;2.0907;1.7401;1.9572;2.9717;2.1463;2.1027;2.1940;2.1581;2.1152;2.3465;2.3826;1.6358;1.8768;2.0054;2.0149;2.1680;2.1238;2.2390;2.3583;2.4833;2.7242;2.7281;2.1515;2.7491;3.4132;3.2676;3.0083
BEL;1.9018;1.9882;1.9303;2.0217;2.2407;2.1699;2.2699;2.3126;2.7715;2.6981;2.6787;2.3347;2.1756;2.1316;2.1507;1.8970;1.6998;2.0071;1.9979;2.0660;2.1308;2.3308;2.2997;2.2699;2.2620;2.0017;1.9863;1.5294;1.9352;2.1775;2.3122;2.6156;2.7836;3.3243;3.1654;3.1459;3.0732;2.9790;2.8124;3.0274;3.1644;3.4941;3.4191;3.2950;2.3315;2.5461;2.8172;2.9963;3.0896;3.1071;3.2834;3.4161;4.0808;4.3066;3.6976;3.2348;3.7584;3.8462;3.9020;4.4033
CAN;3.7176;3.3448;3.2905;3.5589;4.1749;3.3750;3.0359;3.3144;3.5383;4.1391;4.2334;3.5614;3.4063;3.3925;3.3648;3.5245;3.1469;2.4131;2.3852;2.7672;2.6076;2.6392;2.7294;2.7664;2.8669;2.4693;2.0449;1.7459;2.0216;2.4379;2.8292;3.0758;3.7064;3.5399;4.0940;4.2331;3.1482;2.9694;3.1650;3.4336;3.3830;3.7663;3.4400;3.2316;3.3656;3.2473;3.1595;3.1692;3.2782;3.3468;3.4110;3.7685;3.8899;4.0863;3.7438;4.1491;4.8239;4.8271;4.8128;4.6063
CHE;1.2380;1.4226;1.2998;1.4520;1.4478;1.4545;1.4020;1.5073;1.5974;1.7352;1.8516;1.9595;1.7522;1.6197;1.4820;1.4442;1.4845;1.5682;1.5663;1.5650;1.5670;1.7129;1.6954;1.8167;1.6963;1.6988;1.6462;1.7513;1.6344;1.6585;1.6472;1.6660;1.7679;1.8532;2.1387;2.3807;2.6349;2.3160;2.1847;2.1156;2.1808;2.6608;2.7233;2.8591;2.7348;2.6014;2.7287;2.6939;2.7024;2.7052;2.8922;3.0531;2.9815;3.0887;3.0955;3.0717;3.0570;3.1337;3.4125;3.4605
CHL;;;;;;;;;;;;;;;;;;;;;;;;;;2.0726;1.8127;2.3931;1.9622;2.3874;2.8218;2.9304;2.4426;2.2114;1.5262;2.0914;1.9607;1.9652;2.3551;3.2289;4.6087;6.3255;6.7153;5.1195;4.2756;4.0159;4.9555;5.8173;4.3996;4.1879;4.3116;4.2351;4.2709;4.7090;4.9084;4.6854;3.8200;5.6642;5.2179;4.2531
COL;;;;;;;;;;;;;;;;;;;;;;;;;;1.5826;2.1388;1.6279;1.4665;1.3837;1.1390;0.9824;1.2386;0.8967;0.8343;2.6241;3.3946;3.2067;3.2629;3.8794;3.8598;4.2255;4.3005;3.8798;4.3772;3.7505;4.2181;5.3511;5.4323;5.3007;5.1457;4.9050;4.8863;4.9250;4.7435;4.3324;4.5649;4.9828;7.1505;5.3762
CRI;;;;;;;;;;;;;;;;;;;;;;;;;;;;;;;;;;;;;;;1.4467;1.6332;3.0109;2.4236;2.5115;2.9720;2.5204;2.2741;2.2476;1.9428;2.1411;2.0504;2.1873;2.3147;2.4572;2.5414;2.7968;1.8976;2.4067;2.6531;2.6455;2.2816
CZE;;;;;;;;;;;;;;;;;;;;;;;;;;;;;6.0191;4.7874;4.1836;3.0702;3.4986;3.1105;3.5046;3.1745;3.6423;3.9464;4.2127;4.1848;4.1238;4.3736;4.4587;4.0325;3.3790;3.1795;3.1674;3.2835;3.3685;3.4708;3.5489;3.6910;3.6360;3.5797;3.4492;3.2019;3.8426;4.2730;4.4351;4.5538
DEU;2.4729;2.2805;2.1179;2.3046;2.6691;1.7885;1.4761;1.6141;1.8582;1.7139;1.5175;1.6284;2.0042;2.1165;2.1909;1.9894;1.8058;1.8115;1.8230;1.9182;2.2085;2.1402;1.8346;1.9105;1.9981;1.6807;1.5078;1.4269;1.2910;1.0500;1.0091;1.3517;1.4315;1.5422;1.7146;1.7409;0.5771;0.9770;1.2162;1.4881;1.7184;2.1426;2.1536;1.8736;1.3043;1.4695;1.6564;1.6883;1.7355;1.6982;1.6852;1.9369;1.9833;2.0986;1.9393;1.5900;2.2455;2.3175;2.2406;2.1841
DNK;1.3345;1.1015;0.9917;1.0140;0.9518;0.9884;1.0207;1.4331;1.4957;1.3459;1.7263;1.3480;1.4217;1.4302;1.4813;1.2878;1.2403;1.4171;2.5860;2.3905;3.1599;2.1908;2.0206;1.8076;1.4370;1.5896;1.5737;1.7537;1.9928;1.9296;2.2966;2.4706;2.6283;2.9582;2.3286;3.1869;2.8165;2.9509;3.0549;2.9830;3.4941;3.8125;3.3232;2.6390;1.9612;2.3493;2.2635;2.7175;2.8794;2.8679;3.0467;3.0322;3.2814;2.7780;3.1611;2.9107;4.0000;3.3953;3.6885;4.1923
ESP;1.3113;1.3207;1.3243;1.2552;1.3584;1.2639;1.3059;1.2736;1.2999;1.3163;1.2379;1.2225;1.1436;1.0683;1.0562;1.1161;1.1359;1.1599;1.3221;1.3325;1.3790;1.5617;2.0150;1.9627;2.7310;2.7844;2.4418;2.0978;1.8140;1.5540;1.6436;1.7951;2.4462;2.5311;2.6186;2.9181;2.6672;3.0021;2.9854;3.3478;3.7973;4.0164;4.5810;2.7538;2.2070;1.8271;1.7676;2.1359;1.9923;1.9802;2.1846;2.1961;2.2198;2.4461;2.0479;1.9499;2.6138;2.6583;2.9044;2.9762
EST;;;;;;;;;;;;;;;;;;;;;;;;;;;;;;;2.3445;1.5476;1.7168;2.3984;1.9327;0.8849;0.6849;1.1011;1.5757;1.6482;1.4063;1.4709;1.5913;1.6021;1.8136;1.3144;1.2009;1.3956;1.7043;1.6927;2.0194;1.6636;1.5033;1.9587;1.7881;1.6136;1.5298;1.6422;1.8692;2.4163
FIN;2.4441;2.3766;2.1036;2.1320;1.5183;1.6639;1.4206;1.4504;1.4670;1.4647;1.7062;1.9312;1.5926;1.5366;1.4762;1.2037;1.5144;1.5191;1.5696;1.4456;1.3461;1.4738;1.1213;1.3504;1.4448;1.9359;1.9525;1.5687;0.2617;0.5373;2.2467;2.7300;3.3793;4.1891;4.1738;5.7132;4.0349;4.0340;3.2640;3.3747;3.1871;3.2483;3.7218;3.3312;1.9226;2.4231;2.6071;2.1025;2.3583;1.9217;2.1633;2.2242;2.7267;2.5597;2.5445;2.1528;2.7516;3.0270;2.8529;2.5819
FRA;1.7881;1.7604;1.6140;1.4793;1.7040;2.1398;1.9118;1.9562;2.0284;2.7111;1.8333;2.1800;2.1104;1.7919;1.8498;2.0468;2.0830;2.1558;1.8989;1.8450;1.8917;2.1024;2.1784;2.2001;2.2904;2.2143;1.8664;1.9667;1.9360;1.9737;1.9143;2.1152;2.4048;2.4754;2.7991;2.9276;3.1912;2.7133;2.3567;2.6284;2.2640;2.7717;2.7793;2.6696;1.4531;2.0290;2.2486;2.1991;2.3157;2.0357;1.9416;1.8357;2.1875;1.9108;2.0593;2.2693;2.4001;2.8486;2.3468;2.2537
GBR;1.3309;0.3636;2.8589;2.8664;2.7984;3.0449;2.5090;2.0998;2.4671;3.2285;2.1140;1.6748;2.0137;2.1917;2.3561;2.7902;3.1481;3.5589;3.7365;4.0343;4.4207;3.7398;3.5669;3.6758;4.1364;3.2598;2.5829;1.9305;1.7772;2.0663;2.3683;2.7172;3.3561;3.4071;3.1386;3.4708;2.9887;2.6249;2.5014;2.8799;3.3625;3.4162;3.2486;2.8775;2.5064;2.8443;2.7197;2.5220;2.4252;2.4175;2.2868;2.5914;2.6228;2.5551;2.3245;2.3843;2.9441;3.2046;3.3761;3.4735
GRC;0.3130;0.3289;0.3309;0.3357;0.3224;0.3184;0.3785;0.7258;0.5443;0.8182;0.6395;0.6407;0.6525;0.6069;0.7650;0.7920;0.8022;0.9154;0.5786;0.6351;0.6784;1.0361;1.2028;0.9752;1.0676;1.4061;1.1756;1.2633;1.3982;1.6335;2.2524;2.1517;2.2609;2.9260;3.0621;4.1311;3.3248;3.3700;2.8042;2.7839;3.3305;2.5908;2.3133;2.1731;2.5439;2.5569;2.1049;1.1232;1.1627;1.9021;2.1669;2.5154;1.9788;2.2135;1.8803;1.4027;1.9689;2.4666;2.8788;
HUN;;;;;;;;;;;;;;;;;;;;;;;;;;;4.4924;2.3583;1.6494;1.8532;1.8147;1.7753;1.8541;2.0775;2.2513;2.1943;2.2828;2.2737;2.1648;2.1277;2.0628;2.2817;2.7237;2.5704;2.1878;1.2023;1.1881;1.2733;1.3325;1.5908;1.7187;2.2511;1.9670;1.3131;1.2272;1.2750;1.3622;1.6587;2.2382;1.7751
IRL;2.2240;2.1675;1.9035;2.1247;2.2321;2.4315;1.7417;1.5318;1.5342;1.9395;1.3468;1.3566;1.2053;1.3883;1.5724;1.3678;1.5545;1.5320;1.2859;1.1301;1.0815;1.2088;1.1204;1.3505;1.0946;1.5931;1.9206;2.2477;2.6843;2.9876;2.6629;3.0150;3.1052;3.2503;3.7094;3.5944;3.4030;3.5378;3.5453;3.4183;3.2362;3.6167;3.2449;2.7097;2.2958;2.3586;2.1676;2.2449;2.3364;2.3022;2.5242;2.6647;2.6600;3.0995;2.9934;3.1315;3.4172;4.3490;4.5750;5.0132
ISL;0.4537;;;;;0.5274;;;;;0.7462;;;;;0.7088;0.5246;0.7733;0.7298;0.7429;0.8433;0.8031;0.5919;0.7920;0.8848;0.8196;0.7654;0.9191;0.8941;0.7115;0.8894;0.8203;0.8685;1.0151;1.2089;1.1650;0.9909;0.8379;1.1776;0.9795;1.8805;2.2651;2.3144;1.7743;1.6222;0.8584;1.6515;1.8179;2.0395;3.1692;2.2502;2.4401;2.9877;2.3441;2.0556;2.1598;1.9647;2.5548;3.3282;3.2292
ISR;;;;;;;;;;;;;;;;;;;;;;;;;;;;;;;2.6800;2.3404;2.7908;2.7276;2.3882;3.2341;2.8886;2.3570;2.4341;2.8402;3.3094;4.2248;3.9819;3.1103;2.4623;2.5791;2.8944;2.6722;3.4088;3.1023;2.9504;3.0545;3.3259;3.1975;3.0634;2.7624;3.6081;4.4053;3.6843;3.7283
ITA;1.6886;1.6859;1.7348;1.8192;1.8138;1.6174;1.7337;1.8761;1.6324;1.3098;1.5388;1.6940;1.7949;2.3735;2.0739;2.2259;2.4499;2.7884;3.0145;3.2245;2.9909;3.5826;3.5778;3.2273;3.5541;3.6315;3.5111;4.0566;3.7394;3.4234;3.3302;3.6778;3.9124;2.8032;3.1337;2.2276;2.7692;2.3872;2.0607;2.0678;2.2436;2.8114;3.1177;2.9141;2.3645;2.2720;2.1643;2.3679;2.5452;2.1588;2.0192;2.1227;2.0691;1.8524;1.9496;2.0457;1.8713;2.6539;2.7359;2.6732
JPN;3.8321;3.6881;4.0142;4.1815;4.4551;4.8915;4.4195;4.4324;5.4799;6.1009;4.0845;4.1547;4.3333;5.1083;4.7954;5.2418;5.0009;4.9629;5.0077;5.4255;5.4455;5.5516;6.3212;6.9546;6.9023;6.1982;5.6778;4.6429;4.0428;3.8579;4.0376;4.3376;4.0302;3.5270;3.2788;3.4720;3.2962;2.9771;3.1402;3.5180;4.0058;4.5106;4.5592;3.6865;2.4516;3.0408;3.1885;3.4824;3.7783;3.8753;3.7183;3.6284;3.6590;4.0590;3.7799;3.8503;4.4271;4.7317;4.7048;5.0960
KOR;;;;;;;;1.2563;0.8776;1.3724;1.2677;1.5905;1.7216;1.9348;2.0050;1.7920;1.8134;1.8551;1.6573;1.5964;1.7223;1.5600;1.8835;1.9598;2.4922;2.2871;1.9239;2.1993;1.9210;2.0444;2.1080;2.0653;1.8073;2.0896;1.6552;2.8519;2.5094;2.6209;3.2426;2.9087;3.3199;3.1141;3.4343;3.6085;3.1290;2.9582;3.4203;3.3734;3.0861;2.8622;2.9614;3.2074;3.4277;3.9713;4.0344;3.1712;3.5719;5.0034;3.8681;2.8162
LTU;;;;;;;;;;;;;;;;;;;;;;;;;;;;;;;2.0416;1.7310;1.5265;1.2849;0.8184;0.6746;0.5285;0.5861;1.3633;1.8487;2.0807;2.7635;2.5293;2.7163;1.8139;0.9986;0.8140;1.3024;1.3668;1.3726;1.5328;1.6168;1.4927;1.5044;1.5418;1.6406;2.0476;2.3319;2.6896;2.5507
LUX;3.0115;2.8611;3.1793;3.0465;4.6109;4.4968;3.9096;3.6055;4.5016;5.8100;5.0771;5.6474;6.8207;7.9191;6.3589;5.7302;5.3922;5.3681;6.5199;5.6953;6.9088;5.9841;6.1697;5.9892;5.9776;5.5966;5.1049;4.3321;5.8810;5.9798;6.4973;6.6828;7.0663;7.3376;6.4648;6.6698;6.9120;7.7007;7.2153;5.5735;5.7882;4.9167;5.2519;5.0070;5.3140;5.4490;4.8471;4.8518;4.5072;4.1316;4.2390;4.3747;4.9881;6.3006;6.0260;4.7748;4.4871;4.4508;4.8259;6.4666
LVA;;;;;;;;;;;;;;;;;;;;;;;;;;;;;;;1.7202;1.7938;2.1318;2.2205;2.0262;1.5661;1.9136;2.0157;1.5114;1.7418;1.9673;2.2290;2.6509;3.1126;1.5797;0.9904;1.4885;1.6766;1.6840;1.5958;1.6367;1.7316;1.6427;0.5804;0.6100;0.8887;1.0522;1.1439;1.3696;1.9601
MEX;;;;;;;;;;;;;;;;;;;;;;;;;;;;;;;;;;;;;;1.5494;1.4822;1.2794;1.3585;1.5417;1.8079;1.6601;1.5035;1.7665;1.9856;1.7446;2.3133;2.4332;3.0810;3.3765;3.4131;3.3496;3.1990;3.4547;3.3674;3.8509;3.9033;3.7479
NLD;2.4557;2.2506;2.2111;2.4300;2.5877;2.2022;2.4143;2.3647;2.4643;2.4745;2.9058;2.6173;2.5945;2.4415;2.2884;2.6173;2.7063;2.6758;2.4739;2.2273;2.7295;2.9157;3.2669;3.0805;2.8580;2.9922;3.0284;2.7173;2.9212;2.9376;3.0188;3.7779;4.1844;4.1153;4.0974;4.0116;3.8928;3.2869;2.8165;3.0600;3.3871;3.4008;3.3799;3.2518;2.1094;2.2688;2.1411;2.0809;2.1418;2.5183;2.6380;3.2910;3.2216;3.4434;3.6197;3.0245;3.7482;4.7465;4.9699;4.2648
NOR;1.1276;1.1875;1.1639;1.1510;1.1449;1.1297;1.0875;0.9540;0.8859;1.3014;1.1167;1.6046;2.0745;1.9784;2.7209;5.5985;6.9918;7.0686;6.0551;6.7747;7.2142;5.8832;2.8264;2.3667;2.1563;3.6303;3.9750;2.8854;3.2019;3.3753;3.6897;4.2082;4.9738;4.0509;4.4951;8.7584;8.7053;8.0060;7.8924;9.6653;11.4844;12.5399;10.7930;11.9229;8.9282;9.8144;10.6990;10.2669;8.2115;6.5920;4.4782;4.0242;4.8334;6.4183;5.9450;2.7881;9.7564;18.2843;11.9998;9.7672
NZL;5.1607;5.3342;5.6506;4.4776;4.6695;4.8242;4.2378;3.7390;4.1654;4.2186;3.5699;3.5709;3.5047;2.4230;3.1426;2.4462;2.2869;2.5697;1.8998;2.6632;2.6323;2.1072;3.1066;2.7307;3.3670;2.3434;2.4180;2.9351;3.4918;4.3266;4.2247;3.2369;3.7420;3.4216;3.6768;4.0210;3.6385;4.1407;4.5085;5.2945;6.0542;5.5702;4.8002;4.3075;3.3280;3.6916;3.9425;4.5118;4.3622;4.1688;4.4058;4.8813;4.5956;5.0138;3.9086;5.1908;5.4057;4.4580;4.2589;4.0124
OECD_REP;2.1410;2.1059;2.2093;2.1845;2.3628;2.2142;2.0706;2.0446;2.1862;2.4045;2.1246;2.1606;2.2420;2.2853;2.2580;2.2799;2.3318;2.3695;2.3206;2.4058;2.5590;2.5026;2.4785;2.4859;2.5171;2.4347;2.5585;2.2827;2.3837;2.4235;2.5748;2.5905;2.7752;2.7641;2.7616;3.1263;2.8858;2.8114;2.7765;2.9627;3.2937;3.5224;3.5500;3.2535;2.6641;2.6538;2.7730;2.8045;2.8000;2.7606;2.7732;2.8725;2.9742;3.0863;2.9498;2.7598;3.2860;3.8659;3.7548;
POL;;;;;;;;;;;;;;;;;;;;;;;;;;;6.5291;4.0465;3.7720;2.8424;2.6866;2.6049;2.6637;2.5585;2.3514;2.3751;1.7778;1.9650;1.7416;1.9336;2.1199;2.3727;2.7176;2.6724;2.2328;1.9509;2.0237;2.0874;1.7921;1.7565;1.8294;1.8318;1.9210;2.0639;2.1871;2.2376;2.5770;2.7659;2.6169;2.4099
PRT;;;;;;;;;;;;;;;;;;;;;;;;;1.1763;2.1114;2.4570;2.3890;2.0183;2.0339;2.2650;2.6516;3.0401;3.0227;3.4626;3.6943;3.2254;3.2556;2.4597;2.8299;2.6415;2.8718;3.4922;3.5469;2.7686;2.7442;3.1436;2.7430;3.2431;2.8469;3.1292;3.0444;3.2126;3.3181;3.1060;2.7558;2.4046;3.3127;3.4040;3.7963
SVK;;;;;;;;;;;;;;;;;;;;;;;;;;;;;;;5.8195;4.1649;3.5439;3.1630;3.0453;2.5703;2.5610;2.4847;2.7134;2.5479;2.6743;2.8378;2.9051;3.0449;2.4619;2.4142;2.3722;2.3258;2.8373;3.2711;3.6289;3.4520;3.4433;3.2599;3.0443;2.9683;3.5637;4.1199;3.6265;4.0275
SVN;;;;;;;;;;;;;;;;;;;;;;;;;;;;;;;0.5091;0.8910;1.0055;0.9786;1.1420;1.1514;1.2467;1.5590;1.7224;1.9069;2.7486;2.9398;3.1953;2.4733;1.8198;1.8529;1.6606;1.2419;1.2020;1.4185;1.4755;1.6115;1.7919;1.9486;1.9801;1.9923;2.4795;2.3391;2.3449;2.6633
SWE;1.9018;1.6017;1.5130;1.7274;1.7135;1.5536;1.3076;1.4789;1.5757;1.2890;1.6691;1.5092;1.2539;1.3619;1.3376;1.0588;1.2876;1.4591;1.5081;1.6131;1.5445;2.2152;2.0332;2.5231;1.8409;1.5283;1.6330;1.2712;1.9467;2.3812;2.6143;2.4947;2.7814;2.5851;2.7768;3.6439;2.5996;2.1001;2.2460;2.8407;3.4843;3.4407;3.5004;2.8192;2.7988;3.2606;3.0514;2.5448;2.6268;2.6770;2.9279;2.7432;2.8113;2.8768;3.0262;2.9621;3.3643;3.4505;3.5621;3.8562
TUR;0.5083;0.5310;0.6112;0.6226;0.7401;0.5810;0.4501;0.5238;0.6146;0.5615;0.5952;0.5652;0.5653;0.7907;0.5114;0.5386;1.2205;1.5228;1.1940;0.9687;1.0613;1.5290;1.4646;1.3541;1.3038;0.9705;0.9255;0.7611;0.8005;0.9326;1.1053;1.0561;1.1595;1.2090;1.7062;1.7116;1.7264;1.7041;1.9897;1.6747;1.6422;1.4022;1.5490;1.6859;1.7909;1.7920;1.9213;1.8348;1.5897;1.5721;1.4202;1.6360;1.6883;2.0917;1.8257;2.0809;2.4527;3.3804;2.9621;2.0507
USA;3.8630;4.1114;4.3219;3.4726;4.0655;3.4070;2.5955;2.8643;2.9224;2.8931;2.8069;2.6019;3.0813;3.0100;2.9874;2.7517;2.3690;1.9223;1.4114;1.8262;1.8573;1.8195;2.1969;2.2552;2.2978;1.9620;1.8317;1.9382;2.1781;2.2810;2.4554;2.5215;2.5238;2.3460;2.3191;2.2371;1.5728;1.4349;1.8311;2.2420;2.8716;3.0777;2.6676;1.6885;1.3639;1.7641;1.7458;2.0018;2.0858;2.2490;2.1052;1.9412;1.4521;1.3801;1.3171;1.3998;1.9008;2.1681;2.1954;2.2425
