pays,code,1980,1981,1982,1983,1984,1985,1986,1987,1988,1989,1990,1991,1992,1993,1994,1995,1996,1997,1998,1999,2000,2001,2002,2003,2004,2005,2006,2007,2008,2009,2010,2011,2012,2013,2014,2015,2016,2017,2018,2019,2020,2021,2022,2023,2024,2025
Australie,AUS,46.0,46.0,46.0,46.0,46.0,46.0,49.0,49.0,39.0,39.0,39.0,39.0,39.0,33.0,33.0,36.0,36.0,36.0,36.0,36.0,34.0,30.0,30.0,30.0,30.0,30.0,30.0,30.0,30.0,30.0,30.0,30.0,30.0,30.0,30.0,30.0,30.0,30.0,30.0,30.0,30.0,30.0,30.0,30.0,30.0,30.0
Autriche,AUT,55.0,55.0,55.0,55.0,55.0,55.0,55.0,55.0,55.0,30.0,30.0,30.0,30.0,30.0,34.0,34.0,34.0,34.0,34.0,34.0,34.0,34.0,34.0,34.0,34.0,25.0,25.0,25.0,25.0,25.0,25.0,25.0,25.0,25.0,25.0,25.0,25.0,25.0,25.0,25.0,25.0,25.0,25.0,24.0,23.0,23.0
Belgique,BEL,48.0,48.0,48.0,45.0,45.0,45.0,45.0,43.0,43.0,43.0,41.0,39.0,39.0,40.17,40.17,40.17,40.17,40.17,40.17,40.17,40.17,40.17,40.17,33.99,33.99,33.99,35.97,33.99,33.99,33.99,33.99,33.99,33.99,33.99,33.99,33.99,33.99,33.99,29.58,29.58,25.0,25.0,25.0,25.0,25.0,25.0
Canada,CAN,,50.92,49.53,48.27,47.63,49.43,49.76,48.58,41.29,41.34,41.45,41.81,42.52,44.3,44.3,44.6,44.6,44.6,44.6,44.6,42.43,40.48,38.02,35.87,34.38,34.18,33.93,33.95,31.4,30.9,29.4,27.7,26.1,26.2,26.2,26.7,26.7,26.7,26.8,26.62,26.47,26.15,26.21,26.21,25.981152,25.981152
Suisse,CHE,,33.04826958,33.04826958,33.04826958,32.86612022,31.86612022,31.68397086,31.68761384,30.59471767,30.59653916,30.59653916,27.72101468,28.03435928,28.4667857,28.4667857,28.46924177,28.46924177,28.46924177,27.79845951,25.09419405,24.93,24.7,24.42,24.099824,24.099824,21.33,21.33,21.323279,21.174438,21.174438,21.174438,21.174438,21.174438,21.148581,21.148581,21.148581,21.148581,21.148581,21.148581,21.148581,21.148581,19.698516,19.699,19.653,19.608138,19.607821
Chili,CHL,48.6,48.6,48.6,48.6,37.0,23.5,37.0,37.0,32.5,32.5,32.5,35.0,35.0,35.0,35.0,35.0,15.0,15.0,15.0,15.0,15.0,15.0,16.0,16.5,17.0,17.0,17.0,17.0,17.0,17.0,17.0,20.0,20.0,20.0,21.0,22.5,24.0,25.0,25.0,25.0,25.0,10.0,27.0,27.0,27.0,27.0
Colombie,COL,40.0,40.0,40.0,40.0,40.0,40.0,33.0,32.0,31.0,30.0,30.0,30.0,30.0,30.0,30.0,30.0,35.0,35.0,35.0,35.0,35.0,35.0,35.0,35.0,35.0,35.0,35.0,34.0,33.0,33.0,33.0,33.0,33.0,25.0,25.0,25.0,25.0,34.0,33.0,33.0,32.0,31.0,35.0,35.0,35.0,35.0
Costa Rica,CRI,45.0,45.0,50.0,50.0,50.0,50.0,50.0,50.0,50.0,30.0,30.0,30.0,30.0,30.0,30.0,30.0,30.0,30.0,30.0,30.0,30.0,30.0,30.0,36.0,30.0,30.0,30.0,30.0,30.0,30.0,30.0,30.0,30.0,30.0,30.0,30.0,30.0,30.0,30.0,30.0,30.0,30.0,30.0,30.0,30.0,30.0
Tchéquie,CZE,,,,,,,,,,,,40.0,40.0,45.0,42.0,41.0,39.0,39.0,35.0,35.0,31.0,31.0,31.0,31.0,28.0,26.0,24.0,24.0,21.0,20.0,19.0,19.0,19.0,19.0,19.0,19.0,19.0,19.0,19.0,19.0,19.0,19.0,19.0,19.0,21.0,21.0
Allemagne,DEU,,60.0,60.0,60.0,60.0,60.0,60.0,60.0,60.0,60.0,54.54545455,56.25,58.15217391,56.52173913,52.17391304,55.10869565,55.87606838,56.79916318,56.0460251,52.03319502,52.03,38.9,38.9,40.215768,38.900415,38.900415,38.900415,38.900415,30.175,30.175,30.175,30.175,30.175,30.175,30.175,30.175,30.175,30.175,29.825,29.897059,29.897059,29.937781,29.83,29.941,30.058462000000002,30.058462000000002
Danemark,DNK,40.0,40.0,40.0,40.0,40.0,50.0,50.0,50.0,50.0,50.0,40.0,38.0,34.0,34.0,34.0,34.0,34.0,34.0,34.0,32.0,32.0,30.0,30.0,30.0,30.0,28.0,28.0,25.0,25.0,25.0,25.0,25.0,25.0,25.0,24.5,23.5,22.0,22.0,22.0,22.0,22.0,22.0,22.0,22.0,22.0,22.0
Espagne,ESP,33.0,33.0,33.0,33.0,35.0,35.0,35.0,35.0,35.0,35.0,35.0,35.0,35.0,35.0,35.0,35.0,35.0,35.0,35.0,35.0,35.0,35.0,35.0,35.0,35.0,35.0,35.0,32.5,30.0,30.0,30.0,30.0,30.0,30.0,30.0,28.0,25.0,25.0,25.0,25.0,25.0,25.0,25.0,25.0,25.0,25.0
Estonie,EST,,,,,,,,,,,,,,35.0,26.0,26.0,26.0,26.0,26.0,26.0,26.0,26.0,26.0,26.0,26.0,24.0,23.0,22.0,21.0,21.0,21.0,21.0,21.0,21.0,21.0,20.0,20.0,20.0,20.0,20.0,20.0,20.0,20.0,20.0,20.0,22.0
Finlande,FIN,,61.5,61.75,61.5,61.75,61.75,51.5,51.5,51.5,52.5,44.5,42.0,39.0,25.0,25.0,25.0,28.0,28.0,28.0,28.0,29.0,29.0,29.0,29.0,29.0,26.0,26.0,26.0,26.0,26.0,26.0,26.0,24.5,24.5,20.0,20.0,20.0,20.0,20.0,20.0,20.0,20.0,20.0,20.0,20.0,20.0
France,FRA,50.0,50.0,50.0,50.0,50.0,50.0,45.0,45.0,42.0,42.0,42.0,42.0,34.0,33.33,33.33,36.66,36.66,36.66,41.66,40.0,37.76,36.43,35.43,35.42979,35.42979,34.95,34.43,34.42989,34.42989,34.42989,34.42989,36.09639,36.09639,37.9962,37.9962,37.9962,34.43,34.43,34.43,34.43,32.02,28.4075,25.825,25.825,25.825,36.13
Royaume-Uni,GBR,52.0,52.0,52.0,50.0,45.0,40.0,35.0,35.0,35.0,35.0,34.0,33.0,33.0,33.0,33.0,33.0,33.0,31.0,31.0,30.0,30.0,30.0,30.0,30.0,30.0,30.0,30.0,30.0,28.0,28.0,28.0,26.0,24.0,23.0,21.0,20.0,20.0,19.0,19.0,19.0,19.0,19.0,19.0,25.0,25.0,25.0
Grèce,GRC,,45.0,45.0,45.0,45.0,49.0,49.0,49.0,49.0,46.0,46.0,46.0,40.5,35.0,35.0,35.0,35.0,35.0,40.0,40.0,40.0,37.5,35.0,35.0,35.0,32.0,29.0,25.0,25.0,25.0,24.0,20.0,20.0,26.0,26.0,26.0,29.0,29.0,29.0,24.0,24.0,24.0,22.0,22.0,22.0,22.0
Hongrie,HUN,,,,,,,,,,50.0,40.0,40.0,40.0,40.0,36.0,18.0,18.0,18.0,18.0,18.0,18.0,18.0,18.0,18.0,16.0,16.0,17.33,20.0,20.0,20.0,19.0,19.0,19.0,19.0,19.0,19.0,19.0,9.0,9.0,9.0,9.0,9.0,9.0,9.0,9.0,9.0
Irlande,IRL,45.0,45.0,50.0,50.0,50.0,50.0,50.0,50.0,47.0,43.0,43.0,40.0,40.0,40.0,40.0,38.0,36.0,36.0,32.0,28.0,24.0,20.0,16.0,12.5,12.5,12.5,12.5,12.5,12.5,12.5,12.5,12.5,12.5,12.5,12.5,12.5,12.5,12.5,12.5,12.5,12.5,12.5,12.5,12.5,12.5,12.5
Islande,ISL,,,,,,,,,,,,,,33.0,33.0,33.0,33.0,33.0,33.0,30.0,30.0,30.0,18.0,18.0,18.0,18.0,18.0,18.0,15.0,15.0,18.0,20.0,20.0,20.0,20.0,20.0,20.0,20.0,20.0,20.0,20.0,20.0,20.0,20.0,21.0,20.0
Israël,ISR,,,,,,,,,,,,,,,,37.0,36.0,36.0,36.0,36.0,36.0,36.0,36.0,36.0,35.0,34.0,31.0,29.0,27.0,26.0,25.0,24.0,25.0,25.0,26.5,26.5,25.0,24.0,23.0,23.0,23.0,23.0,23.0,23.0,23.0,23.0
Italie,ITA,,36.25,41.34,46.4,46.4,46.4,46.4,46.4,46.4,46.4,46.4,47.8,52.2,52.2,53.2,53.2,53.2,53.2,37.0,37.0,41.25,40.25,40.25,38.25,37.25,37.25,37.25,37.25,31.4,31.4,31.4,31.4,31.29275,31.29275,31.29275,31.29275,31.29275,27.8064,27.8064,27.8064,27.81,27.81,27.81,27.81,27.810000000000002,27.810000000000002
Japon,JPN,,,,,,,,,,,49.98,49.98,49.98,49.98,49.98,49.98,49.98,49.98,46.36,48.0,40.87,40.87,40.87,40.87,39.54,39.54,39.54,39.54,39.54,39.54,39.54,39.54,39.54,36.99,36.99,32.11,29.97,29.97,29.74,29.74,29.74,29.74,29.74,29.74,29.74,29.74
Corée,KOR,,,,,,,,,,,,,,,,,,30.8,30.8,30.8,30.8,30.8,29.7,29.7,29.7,27.5,27.5,27.5,27.5,24.2,24.2,24.2,24.2,24.2,24.2,24.2,24.2,24.2,27.5,27.5,27.5,27.5,27.5,26.5,26.400000000000002,26.400000000000002
Lituanie,LTU,,,,,,,,,,,,,,29.0,29.0,29.0,29.0,29.0,29.0,29.0,29.0,24.0,24.0,15.0,15.0,15.0,15.0,15.0,15.0,20.0,15.0,15.0,15.0,15.0,15.0,15.0,15.0,15.0,15.0,15.0,15.0,15.0,15.0,15.0,15.0,16.0
Luxembourg,LUX,,,,,,,,,,,,,,39.39,39.39,40.29,40.29,30.34,37.45,37.45,37.45,37.45,30.38,30.38,30.38,30.38,29.63,29.63,29.63,28.59,28.59,28.8,28.8,29.22,29.22,29.22,29.22,27.08,26.01,24.94,24.94,24.94,24.94,24.94,24.94,23.87
Lettonie,LVA,,,,,,,,,,,,,,,,25.0,25.0,25.0,25.0,25.0,25.0,25.0,22.0,19.0,15.0,15.0,15.0,15.0,15.0,15.0,15.0,15.0,15.0,15.0,15.0,15.0,15.0,15.0,20.0,20.0,20.0,20.0,20.0,20.0,20.0,20.0
Mexique,MEX,42.0,42.0,42.0,42.0,42.0,42.0,42.0,40.6,39.2,37.0,36.0,35.0,35.0,34.8,34.0,34.0,34.0,34.0,34.0,35.0,35.0,35.0,35.0,34.0,33.0,30.0,29.0,28.0,28.0,28.0,30.0,30.0,30.0,30.0,30.0,30.0,30.0,30.0,30.0,30.0,30.0,30.0,30.0,30.0,30.0,30.0
Pays-Bas,NLD,48.0,48.0,48.0,48.0,43.0,43.0,42.0,42.0,42.0,35.0,35.0,35.0,35.0,35.0,35.0,35.0,35.0,35.0,35.0,35.0,35.0,35.0,34.5,34.5,34.5,31.5,29.6,25.5,25.5,25.5,25.5,25.0,25.0,25.0,25.0,25.0,25.0,25.0,25.0,25.0,25.0,25.0,25.8,25.8,25.8,25.8
Norvège,NOR,,50.8,50.8,50.8,50.8,50.8,50.8,50.8,50.8,50.8,50.8,50.8,28.0,28.0,28.0,28.0,28.0,28.0,28.0,28.0,28.0,28.0,28.0,28.0,28.0,28.0,28.0,28.0,28.0,28.0,28.0,28.0,28.0,28.0,27.0,27.0,25.0,24.0,23.0,22.0,22.0,22.0,22.0,22.0,22.0,22.0
Nouvelle-Zélande,NZL,45.0,45.0,45.0,45.0,45.0,45.0,48.0,48.0,28.0,33.0,33.0,33.0,33.0,33.0,33.0,33.0,33.0,33.0,33.0,33.0,33.0,33.0,33.0,33.0,33.0,33.0,33.0,33.0,30.0,30.0,30.0,28.0,28.0,28.0,28.0,28.0,28.0,28.0,28.0,28.0,28.0,28.0,28.0,28.0,28.000000000000004,28.000000000000004
Pologne,POL,,,,,,,,,,,,40.0,40.0,40.0,40.0,40.0,40.0,38.0,36.0,34.0,30.0,28.0,28.0,27.0,19.0,19.0,19.0,19.0,19.0,19.0,19.0,19.0,19.0,19.0,19.0,19.0,19.0,19.0,19.0,19.0,19.0,19.0,19.0,19.0,19.0,19.0
Portugal,PRT,,48.96,50.72,55.12,55.12,55.12,50.28,48.08,48.08,40.15,40.15,39.6,39.6,39.6,39.6,39.6,39.6,37.4,37.4,37.4,35.2,35.2,33.0,33.0,27.5,27.5,27.5,26.5,26.5,26.5,26.5,28.5,31.5,31.5,31.5,29.5,29.5,29.5,31.5,31.5,31.5,31.5,31.5,31.5,31.5,30.5
Slovaquie,SVK,,,,,,,,,,,,,,45.0,40.0,40.0,40.0,40.0,40.0,40.0,29.0,29.0,25.0,25.0,19.0,19.0,19.0,19.0,19.0,19.0,19.0,19.0,19.0,23.0,22.0,22.0,22.0,21.0,21.0,21.0,21.0,21.0,21.0,21.0,21.0,24.0
Slovénie,SVN,,,,,,,,,,,,,,,,,30.0,25.0,25.0,25.0,25.0,25.0,25.0,25.0,25.0,25.0,25.0,23.0,22.0,21.0,20.0,20.0,18.0,17.0,17.0,17.0,17.0,19.0,19.0,19.0,19.0,19.0,19.0,19.0,22.0,22.0
Suède,SWE,,57.8,57.8,58.1,56.6,56.6,56.6,56.6,56.6,60.1,53.0,30.0,30.0,30.0,28.0,28.0,28.0,28.0,28.0,28.0,28.0,28.0,28.0,28.0,28.0,28.0,28.0,28.0,28.0,26.3,26.3,26.3,26.3,22.0,22.0,22.0,22.0,22.0,22.0,21.4,21.4,20.6,20.6,20.6,20.599999999999998,20.599999999999998
Turquie,TUR,,,,,,,,,,,,,,49.22,42.8,44.0,44.0,44.0,44.0,33.0,33.0,33.0,33.0,30.0,33.0,30.0,20.0,20.0,20.0,20.0,20.0,20.0,20.0,20.0,20.0,20.0,20.0,20.0,22.0,22.0,22.0,20.0,23.0,25.0,25.0,25.0
États-Unis,USA,49.699,49.699,49.699,49.834,49.7854,49.7854,49.8232,44.176,38.5936,38.6662,38.653,38.851,38.8642,39.7515,39.6865,39.6085,39.5305,39.4525,39.4395,39.394,39.34,39.27,39.3,39.3225,39.316,39.29,39.303,39.2705,39.251,39.16,39.2055,39.1925,39.134,39.0495,39.0755,38.9975,38.923934,38.906474,25.83858,25.886141,25.766571,25.754568,25.808,25.768,25.631375000000002,25.569713999999998
