pays;code;rang;score;societes;revenu;consommation;foncier;international
Estonie;EST;1;100.0;2;2;22;1;7
Lettonie;LVA;2;92.8;1;7;20;7;6
Nouvelle-Zélande;NZL;3;87.8;31;6;1;4;22
Suisse;CHE;4;86.0;10;8;2;36;1
Lituanie;LTU;5;81.8;3;9;25;10;15
Luxembourg;LUX;6;81.0;20;22;8;16;5
Suède;SWE;11;76.1;6;19;26;8;13
États-Unis;USA;15;72.5;9;17;4;30;35
Pays-Bas;NLD;16;71.4;23;30;14;21;3
Autriche;AUT;19;69.6;19;26;16;17;16
Allemagne;DEU;20;68.9;30;33;13;14;9
Danemark;DNK;27;64.3;17;36;19;13;34
Belgique;BEL;30;63.2;18;13;27;32;27
Irlande;IRL;31;61.3;5;37;36;18;28
Royaume-Uni;GBR;32;59.1;28;25;33;37;2
Espagne;ESP;34;57.9;33;18;18;35;17
Pologne;POL;35;54.7;14;35;35;28;31
Italie;ITA;37;50.3;27;16;37;38;20
France;FRA;38;45.8;38;31;31;34;12
