sto,details,nom_fr,nom_en,fonction,tag,1995,1996,1997,1998,1999,2000,2001,2002,2003,2004,2005,2006,2007,2008,2009,2010,2011,2012,2013,2014,2015,2016,2017,2018,2019,2020,2021,2022,2023,2024
D2,_T,Impôts sur la production et les importations,Taxes on production and imports,_Z,_Z,193384.1,204966.1,211846.70000000004,219647.0,226835.1,230565.1,233092.8,240934.0,246330.1,260485.9,272800.5,283289.0,293684.89999999997,297292.0,292548.1,296757.1,314206.1,323369.1,332735.0,341036.0,352824.0,361866.0,378635.0,394120.0,413658.0,395359.0,421864.0,449588.0,453151.0,456277.0
D21,_T,Impôts sur les produits,Taxes on products,_Z,_Z,143153.6,150965.3,155966.60000000003,161556.3,167148.1,169762.7,171290.89999999997,177160.19999999998,180679.8,190516.5,198621.4,206783.9,212372.0,213655.0,204530.1,214353.1,226516.1,231635.1,236182.0,242067.0,251816.0,259020.0,273115.0,285125.0,294267.0,275672.0,310066.0,322052.0,321253.0,327255.0
D211,_T,Taxes de type TVA,Value added type taxes (VAT),_Z,_Z,89583.3,96341.9,99158.7,102045.7,106145.1,107332.7,108751.4,110580.4,113749.3,120323.0,126722.4,131781.0,136674.0,137805.5,130580.1,135833.1,140848.1,142839.1,144918.0,148922.0,152167.0,154967.0,162452.0,168177.0,174424.0,162090.0,185350.0,199272.0,206049.0,206332.0
D211,C01,TVA,VAT,C,_Z,89583.3,96341.9,99158.7,102045.7,106145.1,107332.7,108751.4,110580.4,113749.3,120323.0,126722.4,131781.0,136674.0,137805.5,130580.1,135833.1,140848.1,142839.1,144918.0,148922.0,152167.0,154967.0,162452.0,168177.0,174424.0,162090.0,185350.0,199272.0,206049.0,206332.0
D212,_T,Impôts sur les importations autres que TVA,Taxes and duties on imports excluding VAT,_Z,_Z,1775.7,1532.6000000000001,1720.1,1618.9,1618.0,1810.6,1752.0,1624.4,1583.5,1722.7,1985.4,2027.0,2183.0,2146.0,1991.0,2281.0,2664.0,2501.0,2526.0,2450.0,2549.0,2457.0,2526.0,2687.0,2691.0,2507.0,2657.0,3662.0,3360.0,3297.0
D2121,_T,Droits sur les importations,Import duties,_Z,_Z,1725.7,1518.6000000000001,1703.1,1604.9,1605.0,1799.6,1740.0,1607.4,1571.5,1710.7,1974.4,2015.0,2172.0,2135.0,1981.0,2271.0,2655.0,2492.0,2517.0,2441.0,2539.0,2447.0,2516.0,2677.0,2682.0,2498.0,2648.0,3653.0,3351.0,3288.0
D2121,C01,Amendes et confiscations,Fines and confiscations,C,_Z,37.0,29.0,49.0,53.0,40.0,41.0,50.0,61.0,45.0,57.0,67.0,41.0,47.0,50.0,69.0,57.0,148.0,39.0,127.0,49.0,45.0,52.0,38.0,38.0,47.0,30.0,37.0,39.0,37.0,40.0
D2121,C02,Droits d'importation,Imports duties,C,_Z,1476.6000000000001,1288.1000000000001,1452.3,1344.7,1314.7,1491.0,1407.3,1266.8,1241.5,1347.0,1587.8,1659.1,1802.2,1773.8,1627.0,1917.0,2031.0,2048.0,2007.0,1992.0,2097.0,1984.0,2073.0,2234.0,2218.0,2066.0,2123.0,3013.0,2688.0,2600.0
D2121,C03,Octroi de mer,Dock dues,C,_Z,212.1,201.5,201.8,207.2,250.3,267.6,282.7,279.6,285.0,306.7,319.6,314.9,322.8,311.2,285.0,297.0,476.0,405.0,383.0,400.0,397.0,411.0,405.0,405.0,417.0,402.0,488.0,601.0,626.0,648.0
D2122,_T,"Impôts sur les importations, à l'exclusion de la TVA et des droits sur les importations","Taxes on imports, excluding VAT and import duties",_Z,_Z,50.0,14.0,17.0,14.0,13.0,11.0,12.0,17.0,12.0,12.0,11.0,12.0,11.0,11.0,10.0,10.0,9.0,9.0,9.0,9.0,10.0,10.0,10.0,10.0,9.0,9.0,9.0,9.0,9.0,9.0
D2122A,_T,Prélèvements sur les produits agricoles importés,Levies on imported agricultural products,_Z,_Z,0.0,0.0,0.0,0.0,0.0,0.0,0.0,0.0,0.0,0.0,0.0,0.0,0.0,0.0,0.0,0.0,0.0,0.0,0.0,0.0,0.0,0.0,0.0,0.0,0.0,0.0,0.0,0.0,0.0,0.0
D2122B,_T,Montants compensatoires monétaires prélevés à l'importation,Monetary compensatory amounts on imports,_Z,_Z,37.0,1.0,5.0,1.0,1.0,0.0,1.0,6.0,1.0,1.0,0.0,0.0,0.0,0.0,0.0,0.0,0.0,0.0,0.0,0.0,0.0,0.0,0.0,0.0,0.0,0.0,0.0,0.0,0.0,0.0
D2122B,C01,Prélèvements et taxes compensatoires à l'importation,Import compensating taxes,C,_Z,37.0,1.0,5.0,1.0,1.0,0.0,1.0,6.0,1.0,1.0,0.0,0.0,0.0,0.0,0.0,0.0,0.0,0.0,0.0,0.0,0.0,0.0,0.0,0.0,0.0,0.0,0.0,0.0,0.0,0.0
D2122C,_T,Droits d'accise,Excise duties,_Z,_Z,13.0,13.0,12.0,13.0,12.0,11.0,11.0,11.0,11.0,11.0,11.0,12.0,11.0,11.0,10.0,10.0,9.0,9.0,9.0,9.0,10.0,10.0,10.0,10.0,9.0,9.0,9.0,9.0,9.0,9.0
D2122C,C01,Autres taxes,Other taxes,C,_Z,13.0,13.0,12.0,13.0,12.0,11.0,11.0,11.0,11.0,11.0,11.0,12.0,11.0,11.0,10.0,10.0,9.0,9.0,9.0,9.0,10.0,10.0,10.0,10.0,9.0,9.0,9.0,9.0,9.0,9.0
D2122D,_T,Impôts généraux sur les ventes,General sales taxes,_Z,_Z,0.0,0.0,0.0,0.0,0.0,0.0,0.0,0.0,0.0,0.0,0.0,0.0,0.0,0.0,0.0,0.0,0.0,0.0,0.0,0.0,0.0,0.0,0.0,0.0,0.0,0.0,0.0,0.0,0.0,0.0
D2122E,_T,Impôts sur des services déterminés,Taxes on specific services,_Z,_Z,0.0,0.0,0.0,0.0,0.0,0.0,0.0,0.0,0.0,0.0,0.0,0.0,0.0,0.0,0.0,0.0,0.0,0.0,0.0,0.0,0.0,0.0,0.0,0.0,0.0,0.0,0.0,0.0,0.0,0.0
D2122F,_T,Bénéfices des monopoles à l'importation,Profits of import monopolies,_Z,_Z,0.0,0.0,0.0,0.0,0.0,0.0,0.0,0.0,0.0,0.0,0.0,0.0,0.0,0.0,0.0,0.0,0.0,0.0,0.0,0.0,0.0,0.0,0.0,0.0,0.0,0.0,0.0,0.0,0.0,0.0
D214,_T,Autres impôts sur les produits,"Taxes on products, except VAT and import taxes",_Z,_Z,51794.6,53090.8,55087.799999999996,57891.7,59385.0,60619.4,60787.5,64955.4,65347.0,68470.8,69913.59999999999,72975.90000000001,73515.0,73703.5,71959.0,76239.0,83004.0,86295.0,88738.0,90695.0,97100.0,101596.0,108137.0,114261.0,117152.0,111075.0,122059.0,119118.0,111844.0,117626.0
D214A,_T,Droits d'accise et impôts de consommation,Excise duties and consumption taxes,_Z,_Z,33597.1,34442.8,35194.7,36519.2,37304.0,37888.0,37604.0,40612.9,40313.0,41471.0,41340.0,42355.0,41800.0,42154.0,42310.0,43580.0,45978.0,47235.0,49911.0,50301.0,54394.0,56875.0,59901.0,63494.0,63614.0,59466.0,64102.0,57688.0,53957.0,59113.0
D214A,C01,Autres taxes,Other taxes,C,_Z,1011.1,781.8,730.7,726.2,1078.0,469.0,979.0,1086.9,934.0,582.0,643.0,257.0,240.0,670.0,594.0,579.0,748.0,916.0,486.0,301.0,290.0,309.0,299.0,334.0,149.0,14.0,17.0,28.0,27.0,44.0
D214A,C02,Taxe intérieure sur la consommation de gaz naturel,Other domestic duties,C,E,118.0,125.0,136.0,141.0,145.0,155.0,152.0,156.0,160.0,142.0,187.0,99.0,149.0,179.0,228.0,259.0,226.0,197.0,204.0,189.0,622.0,901.0,1319.0,1803.0,2077.0,2126.0,2230.0,1980.0,1780.0,3183.0
D214A,C03,Autres taxes sur la pollution,Other taxes on pollution,C,P,69.0,72.0,83.0,76.0,208.0,411.0,506.0,563.0,481.0,423.0,282.0,314.0,251.0,155.0,4.0,25.0,42.0,123.0,205.0,186.0,117.0,87.0,81.0,316.0,331.0,392.0,594.0,775.0,923.0,1011.0
D214A,C04,Autres taxes sur l'énergie,Other taxes on energy,C,E,666.0,658.0,689.0,729.0,668.0,683.0,686.0,727.0,518.0,507.0,524.0,503.0,505.0,487.0,509.0,515.0,513.0,502.0,518.0,503.0,507.0,546.0,553.0,572.0,576.0,516.0,563.0,575.0,612.0,622.0
D214A,C05,Octroi de mer,Dock dues,C,_Z,324.0,340.0,365.0,380.0,390.0,449.0,471.0,499.0,492.0,511.0,510.0,542.0,568.0,600.0,603.0,645.0,514.0,580.0,630.0,683.0,703.0,734.0,741.0,789.0,814.0,833.0,881.0,880.0,920.0,942.0
D214A,C06,Taxe intérieure de consommation des produits énergétiques,Domestic duty on energy products,C,E,21093.0,21870.0,22354.0,23423.0,23825.0,23471.0,22425.0,23295.0,23601.0,24439.0,24029.0,24421.0,24178.0,23727.0,23412.0,23330.0,23628.0,23249.0,23392.0,23490.0,26029.0,27778.0,29427.0,31701.0,31218.0,26187.0,30001.0,30371.0,29677.0,29554.0
D214A,C07,Accise sur l'électricité,Excise duty on electricity,C,E,1291.0,1395.0,1359.0,1207.0,1245.0,1285.0,1235.0,2583.0,2527.0,3012.0,3090.0,3177.0,2990.0,3249.0,3390.0,3717.0,4778.0,5573.0,7253.0,7684.0,8703.0,9350.0,9991.0,9843.0,9852.0,9047.0,9356.0,3453.0,489.0,4803.0
D214A,C08,Taxes au profit de l'ADEME (Agence de l'environnement et de la maîtrise de l'énergie),Contribution to the agency of environment and energy control (ADEME),C,P,0.0,0.0,0.0,0.0,0.0,0.0,0.0,0.0,0.0,0.0,0.0,210.0,268.0,313.0,387.0,489.0,479.0,491.0,499.0,449.0,449.0,449.0,449.0,0.0,0.0,0.0,0.0,0.0,0.0,0.0
D214A,C09,Taxes sur les boissons,Taxes on beverages,C,AT,2666.0,2719.0,2787.0,2835.0,2725.0,2720.0,2869.0,2920.0,2731.0,2713.0,2751.0,3168.0,3179.0,3017.0,3185.0,3237.0,3598.0,3418.0,4315.0,4509.0,4465.0,4493.0,4538.0,4601.0,4651.0,4550.0,4774.0,4893.0,4750.0,4749.0
D214A,C10,Taxes sur les tabacs,Taxes on tobaccos,C,AT,6359.0,6482.0,6691.0,7002.0,7020.0,8245.0,8281.0,8783.0,8869.0,9142.0,9324.0,9664.0,9472.0,9757.0,9998.0,10784.0,11452.0,11832.0,12042.0,11914.0,12130.0,11864.0,12126.0,13149.0,13545.0,15417.0,15326.0,14361.0,14240.0,13606.0
D214A,C11,Taxe sur les mises à disposition de produits pétroliers pour le stockage stratégique,Tax on the sales of oil products for strategic storage,C,E,0.0,0.0,0.0,0.0,0.0,0.0,0.0,0.0,0.0,0.0,0.0,0.0,0.0,0.0,0.0,0.0,0.0,354.0,367.0,393.0,379.0,364.0,377.0,386.0,401.0,384.0,360.0,372.0,539.0,599.0
D214B,_T,Droits de timbre,Stamp taxes,_Z,_Z,0.0,0.0,0.0,0.0,0.0,0.0,0.0,0.0,0.0,0.0,0.0,0.0,0.0,0.0,0.0,0.0,0.0,0.0,547.0,549.0,593.0,632.0,701.0,736.0,790.0,759.0,898.0,922.0,783.0,692.0
D214B,C01,Contribution de sécurité immobilière,Registry land tax,KS,O,0.0,0.0,0.0,0.0,0.0,0.0,0.0,0.0,0.0,0.0,0.0,0.0,0.0,0.0,0.0,0.0,0.0,0.0,547.0,549.0,593.0,632.0,701.0,736.0,790.0,759.0,898.0,922.0,783.0,692.0
D214C,_T,Impôts sur les transactions mobilières et immobilières,Taxes on financial and capital transactions,_Z,_Z,4107.0,3856.8,4747.9,5583.9,5586.8,5755.5,5647.6,6125.7,6692.8,7738.7,8814.2,10111.9,10752.4,9797.2,7321.0,9733.0,11116.0,10948.0,10539.0,11280.0,12978.0,13848.0,16388.0,17292.0,18725.0,18723.0,22739.0,23447.0,18444.0,16514.0
D214C,C01,Droits d'enregistrement (y compris taxe additionnelle),Registration taxes (additional tax),KS,O,3988.0,3709.8,4531.9,5319.9,5306.8,5348.5,5366.6,5893.7,6475.8,7535.7,8599.2,9867.9,10481.4,9797.2,7321.0,9733.0,11116.0,10703.0,9782.0,10410.0,11921.0,12873.0,14896.0,15717.0,17291.0,16905.0,21007.0,21605.0,16843.0,14663.0
D214C,C02,Impôt sur les opérations traitées dans les bourses de valeurs,Tax on stock exchange operations,KS,O,119.0,147.0,216.0,264.0,280.0,407.0,281.0,232.0,217.0,203.0,215.0,244.0,271.0,0.0,0.0,0.0,0.0,0.0,0.0,0.0,0.0,0.0,0.0,0.0,0.0,0.0,0.0,0.0,0.0,0.0
D214C,C03,Taxe sur les transactions financières,Tax on financial transactions,KS,O,0.0,0.0,0.0,0.0,0.0,0.0,0.0,0.0,0.0,0.0,0.0,0.0,0.0,0.0,0.0,0.0,0.0,245.0,757.0,870.0,1057.0,975.0,1492.0,1575.0,1434.0,1818.0,1732.0,1842.0,1601.0,1851.0
D214D,_T,Taxe à l'immatriculation des véhicules,Car registration taxes,_Z,_Z,1133.0,1235.0,1170.0,1262.0,1313.0,1373.0,1412.0,1503.0,1427.0,1479.0,1623.0,1832.0,1939.0,2193.0,2117.0,2103.0,2278.0,2353.0,2319.0,2412.0,2388.0,2453.0,2581.0,2897.0,2843.0,2699.0,2646.0,2377.0,2697.0,3122.0
D214D,C01,Taxe sur les certificats d'immatriculation des véhicules,Tax on vehicle registration certificate,C,T,1133.0,1235.0,1170.0,1262.0,1313.0,1373.0,1412.0,1503.0,1427.0,1479.0,1623.0,1832.0,1939.0,2193.0,2117.0,2103.0,2278.0,2353.0,2319.0,2412.0,2388.0,2453.0,2581.0,2897.0,2843.0,2699.0,2646.0,2377.0,2697.0,3122.0
D214E,_T,Taxes sur les spectacles et divertissements,Taxes on entertainment,_Z,_Z,267.0,290.0,277.0,323.0,326.0,369.0,405.0,408.0,413.0,454.0,443.0,493.0,505.0,534.0,575.0,693.0,728.0,661.0,668.0,660.0,627.0,639.0,640.0,646.0,660.0,535.0,582.0,714.0,778.0,809.0
D214E,C01,Autres taxes,Other taxes,C,_Z,9.0,10.0,1.0,3.0,4.0,4.0,3.0,5.0,5.0,5.0,5.0,5.0,2.0,4.0,5.0,5.0,4.0,5.0,6.0,5.0,5.0,4.0,5.0,6.0,6.0,4.0,9.0,7.0,6.0,5.0
D214E,C02,Taxes sur les spectacles,Taxes on entertainment,C,_Z,107.0,115.0,116.0,136.0,126.0,160.0,169.0,176.0,178.0,197.0,184.0,223.0,231.0,239.0,93.0,94.0,100.0,100.0,85.0,98.0,75.0,78.0,86.0,102.0,91.0,55.0,58.0,87.0,95.0,96.0
D214E,C03,Cotisation des entreprises cinématographiques au profit du CNC (Centre national du cinéma),Movie-making corporations contributions to the CNC,C,_Z,151.0,165.0,160.0,184.0,196.0,205.0,233.0,227.0,230.0,252.0,254.0,265.0,272.0,291.0,477.0,594.0,624.0,556.0,577.0,557.0,547.0,557.0,549.0,538.0,563.0,476.0,515.0,620.0,677.0,708.0
D214F,_T,"Taxes sur les loteries, les jeux et les paris","Taxes on lotteries, gambling and betting",_Z,_Z,2124.0,2177.0,2613.0,2738.0,2787.0,3139.0,3365.0,3680.0,3728.0,4034.0,4229.0,4243.0,4640.0,4444.0,4228.0,4245.0,4780.0,4680.0,4551.0,4660.0,4726.0,4957.0,5069.0,5354.0,5831.0,4608.0,5573.0,6540.0,6671.0,7221.0
D214F,C01,Produits de la loterie nationale et du loto,Levies on the French national lottery,C,_Z,1214.0,1204.0,1522.0,1532.0,1495.0,1743.0,1840.0,2071.0,1992.0,2241.0,2444.0,2563.0,2563.0,2518.0,2475.0,2478.0,2819.0,2737.0,2629.0,2793.0,2804.0,2942.0,3027.0,3091.0,3345.0,2705.0,3362.0,3685.0,3644.0,3988.0
D214F,C02,Taxes sur les jeux des casinos,Taxes on casinos' games,C,_Z,433.0,512.0,645.0,763.0,867.0,969.0,1093.0,1194.0,1240.0,1279.0,1282.0,1311.0,1358.0,1254.0,1065.0,1013.0,1114.0,1086.0,1037.0,1008.0,1030.0,1065.0,1089.0,1099.0,1201.0,799.0,681.0,1301.0,1417.0,1436.0
D214F,C03,Taxes sur les paris hippiques,Taxes on horse-race bets,C,_Z,477.0,461.0,446.0,443.0,425.0,427.0,432.0,415.0,496.0,514.0,503.0,369.0,719.0,672.0,688.0,754.0,847.0,857.0,885.0,859.0,892.0,950.0,953.0,1164.0,1285.0,1104.0,1530.0,1554.0,1610.0,1797.0
D214G,_T,Taxes sur les primes d'assurance,Taxes on insurance premiums,_Z,_Z,5206.0,5396.0,5267.0,5267.0,5495.0,5898.0,6197.0,6670.0,6770.0,7018.0,7248.0,7456.0,7621.0,7943.0,8980.0,9325.0,10737.0,12452.0,12621.0,12989.0,13125.0,13540.0,14041.0,14349.0,14882.0,15802.0,16236.0,16808.0,17875.0,19225.0
D214G,C01,Taxe de solidarité additionnelle,Solidarity tax on supplementary health insurance,C,_Z,0.0,0.0,0.0,0.0,0.0,262.0,253.0,268.0,305.0,365.0,522.0,637.0,680.0,791.0,1716.0,1802.0,2981.0,4086.0,4161.0,4450.0,4422.0,4723.0,4830.0,5014.0,5002.0,5405.0,5445.0,5454.0,5678.0,6211.0
D214G,C02,Cotisations sur primes d'assurance,Specific tax on insurance policies,C,_Z,629.0,670.0,567.0,589.0,1319.0,1327.0,1466.0,1585.0,1472.0,506.0,429.0,431.0,370.0,402.0,437.0,548.0,524.0,697.0,721.0,780.0,788.0,825.0,1033.0,1021.0,1361.0,1446.0,1362.0,1408.0,1547.0,1728.0
D214G,C03,Taxe additionnelle sur les assurances automobile,Additional tax on automobile insurance,C,T,740.0,752.0,724.0,732.0,51.0,51.0,9.0,0.0,0.0,0.0,0.0,0.0,0.0,0.0,0.0,0.0,0.0,0.0,0.0,0.0,0.0,0.0,0.0,0.0,0.0,0.0,0.0,0.0,0.0,0.0
D214G,C04,Taxe spéciale sur les conventions d'assurance,Special tax on insurance policies,C,_Z,3837.0,3974.0,3976.0,3946.0,4125.0,4258.0,4469.0,4817.0,4993.0,5212.0,5302.0,5487.0,5611.0,5798.0,5876.0,6021.0,6257.0,6639.0,6688.0,6739.0,6814.0,6962.0,7078.0,7297.0,7523.0,8030.0,8354.0,8800.0,9476.0,10031.0
D214G,C05,Taxe sur primes d'assurance automobile,Tax on automobile insurance premium,C,T,0.0,0.0,0.0,0.0,0.0,0.0,0.0,0.0,0.0,935.0,995.0,901.0,960.0,952.0,951.0,954.0,975.0,1030.0,1051.0,1020.0,1101.0,1030.0,1100.0,1017.0,996.0,921.0,1075.0,1146.0,1174.0,1255.0
D214H,_T,Autres taxes sur des services spécifiques,Other taxes on specific services,_Z,_Z,4263.0,4771.0,4844.0,5230.0,5532.0,5158.0,5083.0,4891.0,4827.0,5142.0,5058.0,5177.0,5270.0,5601.0,5427.0,5474.0,6289.0,6674.0,6370.0,6496.0,6945.0,7328.0,7531.0,8090.0,8230.0,6790.0,7575.0,8659.0,8615.0,8628.0
D214H,C01,Autres taxes,Other taxes,C,_Z,140.0,153.0,164.0,166.0,194.0,193.0,194.0,205.0,218.0,218.0,237.0,210.0,203.0,191.0,248.0,261.0,281.0,290.0,304.0,316.0,367.0,441.0,500.0,539.0,627.0,450.0,478.0,737.0,847.0,1144.0
D214H,C02,Autres taxes sur la pollution,Other taxes on pollution,C,P,932.0,1053.0,1123.0,1097.0,1118.0,1162.0,1186.0,1279.0,1217.0,1203.0,1097.0,1126.0,1269.0,1350.0,1261.0,1167.0,1422.0,1519.0,1531.0,1629.0,1619.0,1675.0,1702.0,1682.0,1143.0,1081.0,1162.0,1130.0,1043.0,1095.0
D214H,C03,Autres taxes sur l'énergie,Other taxes on energy,C,E,139.0,121.0,130.0,247.0,307.0,290.0,301.0,248.0,93.0,10.0,4.0,1.0,1.0,1.0,3.0,2.0,1.0,1.0,1.0,2.0,2.0,1.0,2.0,0.0,0.0,0.0,0.0,0.0,0.0,0.0
D214H,C04,Contributions sur les loyers immobiliers,Contributions on real-estate rents,C,_Z,1282.0,1469.0,1505.0,1667.0,1623.0,1076.0,953.0,709.0,722.0,772.0,844.0,812.0,301.0,278.0,270.0,275.0,294.0,312.0,265.0,295.0,379.0,524.0,493.0,602.0,774.0,531.0,541.0,539.0,559.0,511.0
D214H,C07,Redevances sur les prélèvements de l'eau,Usage fee on water extraction,C,P,227.0,247.0,240.0,244.0,250.0,262.0,258.0,273.0,280.0,290.0,267.0,281.0,317.0,338.0,305.0,304.0,304.0,304.0,304.0,304.0,304.0,304.0,304.0,304.0,829.0,810.0,859.0,853.0,786.0,826.0
D214H,C08,Taxes sur la construction,Taxes on construction,C,_Z,372.0,412.0,356.0,340.0,354.0,492.0,509.0,514.0,586.0,675.0,683.0,742.0,882.0,1078.0,1093.0,1062.0,1238.0,1297.0,1057.0,1068.0,1382.0,1385.0,1510.0,1666.0,1589.0,1570.0,1764.0,1692.0,1671.0,1194.0
D214H,C09,Taxes sur les services professionnels hors droits de mutations,"Taxes on professional services, not including ownership transfer taxes",C,_Z,845.0,800.0,788.0,873.0,1014.0,908.0,912.0,901.0,913.0,1070.0,1017.0,1080.0,1200.0,1080.0,953.0,1043.0,1184.0,1339.0,1289.0,1281.0,1303.0,1413.0,1328.0,1585.0,1484.0,1241.0,1535.0,1907.0,1752.0,1763.0
D214H,C10,Taxes sur les transports,Taxes on transports,C,T,326.0,516.0,538.0,596.0,672.0,775.0,770.0,762.0,798.0,904.0,909.0,925.0,1097.0,1285.0,1108.0,1121.0,1324.0,1370.0,1365.0,1388.0,1388.0,1294.0,1434.0,1479.0,1539.0,877.0,1000.0,1554.0,1707.0,1859.0
D214H,C11,Taxe due par les opérateurs de communications électroniques,Tax on electronic communications,C,_Z,,,,,,,,,,,,,,,186.0,239.0,241.0,242.0,254.0,213.0,201.0,291.0,258.0,233.0,245.0,230.0,236.0,247.0,250.0,236.0
D214I,_T,Impôts généraux sur les ventes ou le chiffre d'affaire (à l'exclusion de la TVA),General sales or turnover taxes,_Z,_Z,333.7,166.7,210.1,266.9,291.8,370.6,429.3,420.8,456.0,493.2,487.7,554.6,432.0,567.4,514.0,609.0,617.0,749.0,624.0,784.0,746.0,730.0,715.0,747.0,982.0,1144.0,1192.0,1454.0,1521.0,1742.0
D214I,C01,"Taxes pharmaceutiques (contribution grossistes répartiteurs, taxe sur les ventes de médicaments et de cosmétiques)",Pharmaceutical taxes,C,_Z,333.7,166.7,210.1,266.9,291.8,370.6,429.3,420.8,456.0,493.2,487.7,554.6,432.0,567.4,514.0,609.0,617.0,749.0,624.0,784.0,746.0,730.0,715.0,747.0,705.0,769.0,718.0,833.0,853.0,957.0
D214I,C02,Taxe sur les services numériques,Tax on digital services,C,_Z,,,,,,,,,,,,,,,,,,,,,,,,,277.0,375.0,474.0,621.0,668.0,785.0
D214J,_T,Bénéfices des monopoles fiscaux,Profits of fiscal monopolies,_Z,_Z,0.0,0.0,0.0,0.0,0.0,0.0,0.0,0.0,0.0,0.0,0.0,0.0,0.0,0.0,0.0,0.0,0.0,0.0,0.0,0.0,0.0,0.0,0.0,0.0,0.0,0.0,0.0,0.0,0.0,0.0
D214K,_T,Droits sur les exportations et montants compensatoires monétaires,Export duties and monetary comp. amounts on exports,_Z,_Z,0.0,0.0,0.0,0.0,0.0,0.0,0.0,0.0,0.0,0.0,0.0,0.0,0.0,0.0,0.0,0.0,0.0,0.0,0.0,0.0,0.0,0.0,0.0,0.0,0.0,0.0,0.0,0.0,0.0,0.0
D214L,_T,Autres impôts sur les produits,Other taxes on products n.e.c.,_Z,_Z,763.8,755.5,764.1,701.7,749.4,668.3,644.6,644.0,720.2,640.9000000000001,670.6999999999998,753.4,555.6,469.9,487.0,477.0,481.0,543.0,588.0,564.0,578.0,594.0,570.0,656.0,595.0,549.0,516.0,509.0,503.0,560.0
D214L,C01,Autres taxes,Other taxes,C,_Z,486.8,484.5,479.1,429.7,458.4,380.3,368.6,366.0,403.2,317.9000000000001,344.6999999999998,418.4,147.6,125.9,141.0,153.0,127.0,194.0,214.0,188.0,203.0,217.0,192.0,279.0,217.0,173.0,139.0,131.0,125.0,182.0
D214L,C02,Contribution des distributeurs d'énergie électrique basse tension,Contribution of low voltage electric energy suppliers,C,E,277.0,271.0,285.0,272.0,291.0,288.0,276.0,278.0,317.0,323.0,326.0,335.0,408.0,344.0,346.0,324.0,354.0,349.0,374.0,376.0,375.0,377.0,378.0,377.0,378.0,376.0,377.0,378.0,378.0,378.0
D29,_T,Autres impôts sur la production,Other taxes on production,_Z,_Z,50230.5,54000.8,55880.1,58090.700000000004,59687.0,60802.4,61801.9,63773.799999999996,65650.3,69969.4,74179.09999999999,76505.1,81312.9,83637.0,88018.0,82404.0,87690.0,91734.0,96553.0,98969.0,101008.0,102846.0,105520.0,108995.0,119391.0,119687.0,111798.0,127536.0,131898.0,129022.0
D29A,_T,"Impôts sur les bâtiments, terrains et autres constructions","Taxes on land, buildings or other structures",_Z,_Z,31494.699999999997,33968.9,34744.5,37304.9,37464.3,38057.3,38347.5,38807.3,39589.7,42269.4,44754.9,46316.399999999994,48631.7,48958.2,52020.0,46088.0,50447.0,52128.0,53229.0,54763.0,55864.0,58563.0,59757.0,61520.0,63638.0,64132.0,54514.0,58787.0,59824.0,61440.0
D29A,C01,Autres taxes,Other taxes,KS,RP,492.8,566.4,549.7,1537.0,1680.3,1608.0,1534.9,1502.1,641.8,1054.4,1060.0,798.6,824.3,846.8,319.0,216.0,2254.0,1245.0,844.0,672.0,869.0,831.0,851.0,793.0,779.0,687.0,743.0,766.0,808.0,890.0
D29A,C02,Cotisation minimale de taxe professionnelle,Minimal contributions on the use of fixed assets,KS,RP,0.0,2.0,7.0,9.0,69.0,235.0,476.0,952.0,1676.0,1942.0,1869.0,2150.0,2436.0,2733.0,2758.0,665.0,253.0,136.0,69.0,117.0,17.0,6.0,10.0,1.0,17.0,0.0,1.0,0.0,0.0,0.0
D29A,C03,Foncier bâti,Tax on real-estate properties,KS,RP,11389.9,12337.5,12960.8,13664.9,14150.0,14561.3,14913.6,15692.2,16480.9,17303.0,18646.9,19972.8,20877.4,21805.4,23942.0,25268.0,26570.0,27839.0,29016.0,29829.0,30803.0,32395.0,33204.0,34183.0,34976.0,35630.0,34681.0,36515.0,40273.0,42059.0
D29A,C04,Foncier non-bâti (partie),Tax on non-developed land properties,KS,RP,700.0,661.0,664.0,669.0,681.0,688.0,698.0,712.0,715.0,750.0,779.0,665.0,681.0,690.0,716.0,735.0,734.0,746.0,764.0,769.0,784.0,764.0,777.0,782.0,744.0,747.0,756.0,784.0,852.0,883.0
D29A,C05,Taxe professionnelle,Taxes on the use of fixed assets (TP),KS,_Z,17725.0,19150.0,19350.0,20161.0,19598.0,19641.0,19377.0,18491.0,18586.0,19560.0,20720.0,20997.0,22035.0,21100.0,21885.0,0.0,0.0,0.0,0.0,0.0,0.0,0.0,0.0,0.0,0.0,0.0,0.0,0.0,0.0,0.0
D29A,C06,Cotisation foncière des entreprises,Property contributions of the corporations,KS,RP,0.0,0.0,0.0,0.0,0.0,0.0,0.0,0.0,0.0,0.0,0.0,0.0,0.0,0.0,0.0,4941.0,5160.0,5465.0,5908.0,6162.0,6356.0,6525.0,6659.0,6829.0,7081.0,7142.0,5951.0,6540.0,7093.0,7708.0
D29A,C07,Cotisation sur la valeur ajoutée des entreprises,Contributions on the value added of the corporations,_Z,_Z,,,,,,,,,,,,,,,,,,,,,,,,,,,,,,
D29A,C08,Part sur les salaires,Tax on wages,LEYRS,RP,0.0,0.0,0.0,0.0,0.0,0.0,0.0,0.0,0.0,0.0,0.0,0.0,0.0,0.0,0.0,7035.0,7958.0,8557.0,8274.0,8733.0,8822.0,9209.0,9198.0,9674.0,10330.0,10190.0,5120.0,6122.0,3538.0,2630.0
D29A,C09,Part sur le capital,Tax on capital,KIC,RP,0.0,0.0,0.0,0.0,0.0,0.0,0.0,0.0,0.0,0.0,0.0,0.0,0.0,0.0,0.0,3311.0,3745.0,4027.0,3894.0,4109.0,4151.0,4333.0,4328.0,4552.0,4861.0,4796.0,2409.0,2880.0,1665.0,1237.0
D29A,C10,Impositions forfaitaires sur les entreprises de réseaux,Flat-rate tax on network corporations,KS,E,0.0,0.0,0.0,0.0,0.0,0.0,0.0,0.0,0.0,0.0,0.0,0.0,0.0,0.0,0.0,1223.0,1085.0,1142.0,1206.0,1272.0,1297.0,1324.0,1329.0,1346.0,1408.0,1444.0,1395.0,1588.0,1739.0,1864.0
D29A,C11,Taxe sur l'utilisation des voies navigables (dont taxe hydraulique),Tax on the use of navigable ways,KS,RS,0.0,0.0,0.0,0.0,0.0,0.0,0.0,0.0,0.0,0.0,0.0,0.0,0.0,0.0,0.0,0.0,0.0,0.0,0.0,0.0,0.0,0.0,0.0,0.0,0.0,0.0,0.0,0.0,0.0,0.0
D29A,C12,Taxe sur les surfaces commerciales,Tax on commercial areas,KS,_Z,0.0,0.0,0.0,0.0,0.0,0.0,0.0,0.0,0.0,0.0,0.0,0.0,0.0,0.0,595.0,604.0,619.0,663.0,726.0,725.0,932.0,946.0,1145.0,977.0,992.0,999.0,991.0,1056.0,1154.0,1268.0
D29A,C13,Produit de l'imposition chambre de commerce,Fees of the chambers of commerce and industry,KS,_Z,736.0,768.0,758.0,771.0,767.0,770.0,778.0,772.0,833.0,860.0,882.0,871.0,919.0,891.0,937.0,1103.0,1180.0,1328.0,1323.0,1014.0,458.0,860.0,871.0,720.0,655.0,644.0,531.0,511.0,520.0,525.0
D29A,C14,Taxe chambre métier,Tax benefitting to the Chamber of Trades and Crafts,KS,_Z,133.0,138.0,146.0,150.0,152.0,155.0,169.0,171.0,183.0,185.0,191.0,193.0,203.0,209.0,217.0,275.0,187.0,205.0,233.0,246.0,253.0,228.0,229.0,196.0,200.0,201.0,190.0,213.0,217.0,214.0
D29A,C15,Imposition sur les pylônes,Tax on electric pylons,KS,E,95.0,104.0,113.0,126.0,124.0,128.0,135.0,140.0,149.0,160.0,167.0,174.0,183.0,190.0,190.0,213.0,223.0,233.0,244.0,214.0,231.0,241.0,251.0,258.0,272.0,283.0,290.0,299.0,318.0,348.0
D29A,C16,Taxe sur construction de bureaux et sur les locaux à usage de bureaux,Tax on the creation and on the use of offices,KS,_Z,37.0,47.0,-3.0,13.0,36.0,61.0,54.0,160.0,111.0,233.0,211.0,261.0,236.0,255.0,219.0,255.0,232.0,293.0,478.0,647.0,649.0,660.0,637.0,838.0,929.0,964.0,985.0,942.0,1003.0,1055.0
D29A,C17,Chambre d'agriculture,Tax benefitting to the Chamber of Agriculture,KS,_Z,186.0,195.0,199.0,204.0,207.0,210.0,212.0,215.0,214.0,222.0,229.0,234.0,237.0,238.0,242.0,244.0,247.0,249.0,250.0,254.0,242.0,234.0,243.0,221.0,207.0,204.0,205.0,204.0,204.0,227.0
D29A,C18,Taxe GEMAPI,Tax for aquatic environment and flood prevention,KS,_Z,,,,,,,,,,,,,,,,,,,,,,7.0,25.0,150.0,187.0,201.0,266.0,367.0,440.0,532.0
D29B,_T,Impôts sur l'utilisation d'actifs fixes,Taxes on the use of fixed assets,_Z,_Z,1046.0,1098.0,995.0,1069.0,1168.0,1292.0,1179.0,1190.0,1159.0,1191.0,1244.0,1520.0,1513.0,1480.0,1442.0,1331.0,1278.0,1340.0,1236.0,1179.0,1121.0,1055.0,999.0,1118.0,1147.0,1158.0,1101.0,1067.0,1010.0,1359.0
D29B,C01,Autres taxes,Other taxes,KS,_Z,82.0,82.0,87.0,88.0,77.0,12.0,704.0,758.0,827.0,3.0,0.0,134.0,130.0,139.0,143.0,134.0,140.0,147.0,149.0,143.0,162.0,155.0,156.0,159.0,166.0,161.0,156.0,162.0,173.0,167.0
D29B,C02,Taxe spéciale sur les véhicules routiers (taxe à l'essieu),Axle tax,KS,T,69.0,71.0,71.0,71.0,127.0,223.0,226.0,227.0,184.0,216.0,205.0,215.0,216.0,226.0,172.0,168.0,170.0,172.0,171.0,170.0,169.0,167.0,163.0,165.0,167.0,171.0,157.0,171.0,150.0,154.0
D29B,C03,Taxes sur les véhicules à moteur payées par les producteurs,Tax on motor vehicles paid by producers,KS,T,460.0,479.0,397.0,402.0,413.0,413.0,249.0,205.0,148.0,129.0,145.0,19.0,0.0,0.0,0.0,0.0,0.0,0.0,0.0,0.0,0.0,0.0,0.0,0.0,0.0,0.0,0.0,0.0,0.0,0.0
D29B,C04,Taxe sur les véhicules de tourisme des sociétés,Tax on corporations' cars,KS,T,416.0,440.0,440.0,508.0,551.0,644.0,0.0,0.0,0.0,843.0,867.0,1126.0,1140.0,1086.0,1098.0,992.0,927.0,983.0,876.0,827.0,753.0,692.0,638.0,751.0,768.0,801.0,756.0,693.0,642.0,991.0
D29B,C05,"Taxe due par les entreprises de transport public aérien et maritime (Corse, DOM)",Tax paid by air and water public transport corporations (Corse and oversea territories),KS,T,19.0,26.0,0.0,0.0,0.0,0.0,0.0,0.0,0.0,0.0,27.0,26.0,27.0,29.0,29.0,37.0,41.0,38.0,40.0,39.0,37.0,41.0,42.0,43.0,46.0,25.0,32.0,41.0,45.0,47.0
D29C,_T,Impôts sur la masse salariale ou les effectifs employés,Total wage bill and payroll taxes,_Z,_Z,14416.0,15066.0,16058.0,15550.0,16128.0,16359.0,16730.0,18077.0,18791.0,20217.0,21757.0,22542.0,24275.0,25984.0,27328.0,28670.0,29690.0,31664.0,35345.0,36298.0,36557.0,36837.0,37874.0,38419.0,46175.0,45287.0,47403.0,52143.0,55166.0,57972.0
D29C,C01,Autres taxes,Other taxes,LEYRS,_Z,2151.0,2594.0,3352.0,2461.0,2117.0,1859.0,1621.0,1800.0,1351.0,954.0,970.0,1129.0,1166.0,1492.0,1783.0,1562.0,1483.0,869.0,920.0,795.0,862.0,917.0,890.0,696.0,542.0,546.0,573.0,590.0,834.0,1364.0
D29C,C02,Contributions des entreprises à la formation professionnelle et à l'apprentissage,Contributions to vocational training and apprenticeship,LEYRS,_Z,0.0,0.0,0.0,0.0,0.0,0.0,0.0,0.0,0.0,0.0,0.0,0.0,552.0,699.0,716.0,700.0,721.0,740.0,763.0,777.0,1407.0,1504.0,1571.0,1906.0,9203.0,8452.0,9109.0,10720.0,11271.0,11359.0
D29C,C03,Taxes sur les salaires,Taxes on salaries,LEYRS,_Z,6761.0,6717.0,6959.0,7095.0,7262.0,7574.0,8004.0,8318.0,8523.0,8990.0,9212.0,9812.0,10374.0,11341.0,11201.0,11440.0,11675.0,12094.0,13127.0,13109.0,13165.0,13515.0,13855.0,13895.0,14111.0,14537.0,15206.0,15971.0,16711.0,17315.0
D29C,C04,Taxes au profit de l'Association sur la garantie des salaires,Employer contributions to the wage guarantee scheme (AGS),LEYRS,_Z,893.0,828.0,675.0,800.0,669.0,551.0,344.0,881.0,1382.0,1665.0,1436.0,787.0,736.0,542.0,1111.0,1759.0,1498.0,1418.0,1435.0,1461.0,1479.0,1259.0,966.0,810.0,841.0,798.0,865.0,935.0,991.0,1468.0
D29C,C05,Contribution de solidarité pour l'autonomie,Taxes benefitting to the national solidarity fund for autonomy (CNSA),LEYRS,_Z,0.0,0.0,0.0,0.0,0.0,0.0,0.0,0.0,0.0,784.0,1658.0,1682.0,1744.0,1782.0,1887.0,1917.0,1972.0,2014.0,2051.0,2085.0,1891.0,1920.0,1985.0,2033.0,2049.0,1993.0,2115.0,2262.0,2369.0,2468.0
D29C,C06,Cotisation patronale pour le FNAL (Fonds national d'aide au logement),Taxes benefitting to the national fund for housing (FNAL),LEYRS,_Z,1273.0,1284.0,1291.0,1367.0,1503.0,1514.0,1700.0,1675.0,1724.0,1693.0,1778.0,1886.0,2383.0,2355.0,2438.0,2465.0,2570.0,2663.0,2723.0,2708.0,2629.0,2674.0,2683.0,2691.0,2856.0,2478.0,2648.0,2687.0,2816.0,2935.0
D29C,C07,Versement mobilité,Transport compensation,LEYRS,_Z,2470.0,2768.0,2901.0,2895.0,3552.0,3829.0,3902.0,4261.0,4636.0,4977.0,5122.0,5452.0,5737.0,5975.0,6077.0,6344.0,6637.0,7040.0,7326.0,7710.0,7842.0,8175.0,8699.0,8950.0,9268.0,9042.0,9642.0,10567.0,11389.0,12231.0
D29C,C08,Taxes au profit du FNDMA (Financement National de Développement et de Modernisation de l'Apprentissage),National financing for the development and the modernization of apprenticeship (FNDMA),LEYRS,_Z,0.0,0.0,0.0,0.0,0.0,0.0,0.0,0.0,0.0,0.0,369.0,667.0,412.0,421.0,474.0,430.0,459.0,515.0,554.0,601.0,29.0,30.0,31.0,32.0,31.0,0.0,0.0,0.0,0.0,0.0
D29C,C09,Forfait social,"Corporate social contributions (""forfeit social"")",LEYRS,_Z,0.0,0.0,0.0,0.0,0.0,0.0,0.0,0.0,0.0,0.0,0.0,0.0,0.0,0.0,314.0,657.0,1150.0,2716.0,4654.0,4925.0,5019.0,5245.0,5497.0,5715.0,5253.0,5428.0,5137.0,6193.0,6360.0,6300.0
D29C,C10,Contribution patronale sur stock-options,Employers' contributions on stock-options,LEYRS,_Z,0.0,0.0,0.0,0.0,0.0,0.0,0.0,0.0,0.0,0.0,0.0,0.0,0.0,220.0,129.0,185.0,262.0,307.0,364.0,365.0,430.0,107.0,201.0,171.0,450.0,644.0,795.0,826.0,971.0,1033.0
D29C,C11,Taxe exceptionnelle de solidarité sur les hautes rémunérations,Exceptional levy on high wages,LEYRS,_Z,0.0,0.0,0.0,0.0,0.0,0.0,0.0,0.0,0.0,0.0,0.0,0.0,0.0,0.0,0.0,0.0,0.0,0.0,0.0,310.0,354.0,16.0,16.0,13.0,29.0,1.0,3.0,0.0,1.0,2.0
D29C,C13,Participation des employeurs à l'effort de construction,Employers' contribution to building effort,LEYRS,_Z,868.0,875.0,880.0,932.0,1025.0,1032.0,1159.0,1142.0,1175.0,1154.0,1212.0,1127.0,1171.0,1157.0,1198.0,1211.0,1263.0,1288.0,1428.0,1452.0,1450.0,1475.0,1480.0,1507.0,1542.0,1368.0,1310.0,1392.0,1453.0,1497.0
D29D,_T,Impôts sur les transactions internationales,Taxes on international transactions,_Z,_Z,0.0,0.0,0.0,0.0,0.0,0.0,0.0,0.0,0.0,0.0,0.0,0.0,0.0,0.0,0.0,0.0,0.0,0.0,0.0,0.0,0.0,0.0,0.0,0.0,0.0,0.0,0.0,0.0,0.0,0.0
D29E,_T,Licences professionnelles ou commerciales,Business and professional licences,_Z,_Z,144.0,135.0,134.0,138.0,142.0,141.0,139.0,136.0,112.0,228.0,215.0,151.0,156.0,167.0,160.0,165.0,170.0,249.0,247.0,262.0,270.0,265.0,266.0,293.0,302.0,320.0,216.0,185.0,172.0,168.0
D29E,C01,Autres taxes,Other taxes,KS,_Z,144.0,135.0,134.0,138.0,142.0,141.0,139.0,136.0,112.0,228.0,215.0,151.0,156.0,167.0,160.0,165.0,170.0,249.0,247.0,262.0,270.0,265.0,266.0,293.0,302.0,320.0,216.0,185.0,172.0,168.0
D29F,_T,Impôts sur la pollution,Taxes on pollution,_Z,_Z,527.0,579.0,139.0,206.0,157.0,179.0,206.0,257.0,215.0,214.0,477.0,265.0,307.0,314.0,347.0,297.0,335.0,424.0,447.0,641.0,594.0,690.0,616.0,758.0,1275.0,1121.0,1203.0,1985.0,2711.0,2433.0
D29F,C01,Autres taxes sur la pollution,Other taxes on pollution,C,P,527.0,579.0,139.0,206.0,157.0,179.0,206.0,257.0,215.0,214.0,477.0,265.0,307.0,314.0,347.0,297.0,335.0,424.0,399.0,422.0,379.0,378.0,381.0,445.0,445.0,394.0,475.0,516.0,843.0,320.0
D29F,C02,Taxe sur les émissions de CO2,Emission permits (EU ETS),C,E,0.0,0.0,0.0,0.0,0.0,0.0,0.0,0.0,0.0,0.0,0.0,0.0,0.0,0.0,0.0,0.0,0.0,0.0,48.0,219.0,215.0,312.0,235.0,313.0,830.0,727.0,728.0,1469.0,1868.0,2113.0
D29G,_T,Sous-compensations de la TVA,Under-compensation of VAT (flat rate system),_Z,_Z,0.0,0.0,0.0,0.0,0.0,0.0,0.0,0.0,0.0,0.0,0.0,0.0,0.0,0.0,0.0,0.0,0.0,0.0,0.0,0.0,0.0,0.0,0.0,0.0,0.0,0.0,0.0,0.0,0.0,0.0
D29H,_T,Autres taxes sur la production,Other taxes on production n.e.c.,_Z,_Z,2602.8,3153.9,3809.6,3822.8,4627.7,4774.1,5200.4,5306.5,5783.6,5850.0,5731.2,5710.7,6430.2,6733.8,6721.0,5853.0,5770.0,5929.0,6049.0,5826.0,6602.0,5436.0,6008.0,6887.0,6854.0,7669.0,7361.0,13369.0,13015.0,5650.0
D29H,C01,Autres taxes,Other taxes,KS,_Z,794.0,845.0,1423.0,1322.0,1980.0,1988.0,1982.0,1920.0,2326.0,2333.0,1265.0,1242.0,1329.0,1289.0,1269.0,763.0,441.0,329.0,378.0,373.0,1296.0,310.0,525.0,827.0,522.0,433.0,180.0,237.0,373.0,295.0
D29H,C02,Contribution sociale de solidarité des sociétés,Social contributions of corporations,KS,_Z,1808.8,2308.9,2386.6,2500.8,2647.7,2786.1,3053.4,3219.5,3264.6000000000004,3319.0,4276.2,4281.7,4901.2,5234.8,5452.0,5090.0,5329.0,5600.0,5671.0,5453.0,4390.0,3551.0,3561.0,3769.0,3900.0,4109.0,3664.0,4274.0,4810.0,5228.0
D29H,C03,TVA sur subventions,Value added taxes on subsidies,KS,_Z,0.0,0.0,0.0,0.0,0.0,0.0,165.0,167.0,193.0,198.0,190.0,187.0,200.0,210.0,0.0,0.0,0.0,0.0,0.0,0.0,0.0,0.0,0.0,0.0,0.0,0.0,0.0,0.0,0.0,0.0
D29H,C04,Contribution au SRF (single resolution fund),Contribution to the SRF (single resolution fund),KS,O,,,,,,,,,,,,,,,,,,,,,916.0,1575.0,1922.0,2291.0,2432.0,3127.0,3517.0,4845.0,4035.0,0.0
D29H,C05,Contribution sur les rentes infra marginales (électricité),Contribution on electricity producers profit,KS,E,,,,,,,,,,,,,,,,,,,,,,,,,,,,459.0,1250.0,127.0
D29H,C06,Achats d'énergies renouvelables à prix contractuels,Renewable energy purchases at contractual prices,KS,E,,,,,,,,,,,,,,,,,,,,,,,,,,,,3554.0,2547.0,0.0
D5,_T,Impôts courants sur le revenu et le patrimoine,"CURRENT TAXES ON INCOME, WEALTH, ETC.",_Z,_Z,97812.2,107098.1,117722.4,151658.5,164811.9,174235.0,185318.59999999998,178105.5,177645.5,187956.7,198857.9,217141.5,226017.1,235552.0,205223.4,222097.9,239776.7,258710.5,270639.6,272458.1,278541.6,278587.2,293923.8,311460.4,318194.0,306198.0,324072.0,358908.0,357078.0,366049.0
D51,_T,Impôts sur le revenu,Taxes on income,_Z,_Z,84400.3,92761.70000000001,102980.4,136475.2,148918.7,160770.4,171466.59999999998,163822.6,162799.3,172354.0,182006.9,198854.6,206312.6,215434.2,184363.0,199371.0,215912.0,232603.0,244427.0,244752.0,250528.0,250623.0,265294.0,288580.0,298223.0,289694.0,310283.0,350478.0,351268.0,359026.0
D51M,_T,Impôts sur le revenu des personnes physiques et des ménages (y compris les impôts sur les plus values),Taxes on individual or household income including holding gains,_Z,_Z,62812.1,67227.9,73702.4,105171.9,112154.3,120155.4,125342.2,124034.0,128428.6,132024.6,138859.0,143687.3,148168.1,156668.1,150581.0,153269.0,162085.0,176993.0,186745.0,189431.0,192540.0,194345.0,198857.0,226130.0,230189.0,224741.0,236189.0,260028.0,268721.0,275122.0
D51M,C01,Autres taxes,Other taxes,SPLIT1,_Z,0.0,0.0,0.0,0.0,0.0,0.0,0.0,0.0,0.0,0.0,0.0,0.0,986.0,0.0,18.0,38.0,29.0,52.0,532.0,704.0,739.0,760.0,744.0,1189.0,865.0,852.0,927.0,947.0,1079.0,1127.0
D51M,C02,Avoir fiscal utilisé (positif),Used dividend imputation (positive),KIH,_Z,2951.0,2951.0,3767.0,4039.0,4299.0,4457.0,5202.0,5202.0,5713.0,6289.0,5747.0,0.0,0.0,0.0,0.0,0.0,0.0,0.0,0.0,0.0,0.0,0.0,0.0,0.0,0.0,0.0,0.0,0.0,0.0,0.0
D51M,C03,Contribution au remboursement de la dette sociale,Tax for the settlement of the social debt (CRDS),SPLIT1,_Z,0.0,3233.0,3828.0,3990.0,4167.0,4453.0,4548.0,4589.0,4689.0,4862.0,5194.0,5367.0,5566.0,5859.0,5923.0,5918.0,6216.0,6498.0,6458.0,6567.0,6744.0,6868.0,7084.0,7266.0,7505.0,7293.0,7685.0,8338.0,8727.0,9084.0
D51M,C04,Contribution sociale généralisée,Generalised social contribution (CSG),SPLIT1,_Z,14426.1,15006.9,23188.4,51382.9,54239.3,58287.4,61415.2,62958.0,64650.6,66662.6,71453.0,76152.3,79827.1,83998.1,81397.0,83044.0,87768.0,91537.0,92453.0,93300.0,95451.0,96235.0,99056.0,124834.0,126024.0,123172.0,128951.0,141064.0,147450.0,153131.0
D51M,C05,Fonds de solidarité contribution des fonctionnaires,Civil servants contribution to the unemployment insurance regime,LEES,_Z,889.0,925.0,976.0,1021.0,1015.0,1077.0,1098.0,1104.0,1174.0,1207.0,1215.0,1241.0,1264.0,1300.0,1320.0,1350.0,1368.0,1359.0,1334.0,1353.0,1191.0,1200.0,1472.0,2.0,0.0,0.0,0.0,0.0,0.0,0.0
D51M,C06,Autres prélèvements sociaux,Other social levies,KIH,_Z,509.0,551.0,590.0,1380.0,1721.0,1803.0,1936.0,1750.0,1807.0,2083.0,2213.0,2720.0,3100.0,3256.0,3367.0,3585.0,4364.0,6924.0,7925.0,8063.0,8547.0,8796.0,9089.0,9240.0,10718.0,10356.0,11608.0,12818.0,13440.0,14646.0
D51M,C07,Impôt sur le revenu,Personal income tax,SPLIT1,_Z,42624.0,43308.0,40403.0,42642.0,46147.0,49511.0,50432.0,47726.0,49794.0,50360.0,52477.0,57072.0,56214.0,60599.0,57079.0,57809.0,60515.0,68544.0,76853.0,77948.0,78419.0,79401.0,80465.0,83020.0,83926.0,82266.0,85844.0,95987.0,96889.0,96163.0
D51M,C08,Prélèvements sur les revenus des capitaux mobiliers,Levies on the income from financial assets (PRCM),KIH,_Z,1413.0,1253.0,950.0,717.0,566.0,567.0,711.0,705.0,601.0,561.0,560.0,1135.0,1211.0,1656.0,1477.0,1525.0,1825.0,2079.0,1190.0,1496.0,1449.0,1085.0,947.0,579.0,1151.0,802.0,1174.0,874.0,1136.0,971.0
D51A,_T,Impôts sur le revenu des personnes physiques et des ménages (à l'exclusion des impôts sur les plus values),Taxes on individual or household income excluding holding gains (2),_Z,_Z,62812.1,67227.9,73702.4,105171.9,112154.3,120155.4,125342.2,124034.0,128428.6,132024.6,138859.0,143687.3,148168.1,156668.1,150581.0,153269.0,162085.0,176993.0,186745.0,189431.0,192540.0,194345.0,198857.0,226130.0,230189.0,224741.0,236189.0,260028.0,268721.0,275122.0
D51A,C01,Autres taxes,Other taxes,SPLIT1,_Z,0.0,0.0,0.0,0.0,0.0,0.0,0.0,0.0,0.0,0.0,0.0,0.0,986.0,0.0,18.0,38.0,29.0,52.0,532.0,704.0,739.0,760.0,744.0,1189.0,865.0,852.0,927.0,947.0,1079.0,1127.0
D51A,C02,Avoir fiscal utilisé (positif),Used dividend imputation (positive),KIH,_Z,2951.0,2951.0,3767.0,4039.0,4299.0,4457.0,5202.0,5202.0,5713.0,6289.0,5747.0,0.0,0.0,0.0,0.0,0.0,0.0,0.0,0.0,0.0,0.0,0.0,0.0,0.0,0.0,0.0,0.0,0.0,0.0,0.0
D51A,C03,Contribution au remboursement de la dette sociale,Tax for the settlement of the social debt (CRDS),SPLIT1,_Z,0.0,3233.0,3828.0,3990.0,4167.0,4453.0,4548.0,4589.0,4689.0,4862.0,5194.0,5367.0,5566.0,5859.0,5923.0,5918.0,6216.0,6498.0,6458.0,6567.0,6744.0,6868.0,7084.0,7266.0,7505.0,7293.0,7685.0,8338.0,8727.0,9084.0
D51A,C04,Contribution sociale généralisée,Generalised social contribution (CSG),SPLIT1,_Z,14426.1,15006.9,23188.4,51382.9,54239.3,58287.4,61415.2,62958.0,64650.6,66662.6,71453.0,76152.3,79827.1,83998.1,81397.0,83044.0,87768.0,91537.0,92453.0,93300.0,95451.0,96235.0,99056.0,124834.0,126024.0,123172.0,128951.0,141064.0,147450.0,153131.0
D51A,C05,Fonds de solidarité contribution des fonctionnaires,Civil servants contribution to the unemployment insurance regime,LEES,_Z,889.0,925.0,976.0,1021.0,1015.0,1077.0,1098.0,1104.0,1174.0,1207.0,1215.0,1241.0,1264.0,1300.0,1320.0,1350.0,1368.0,1359.0,1334.0,1353.0,1191.0,1200.0,1472.0,2.0,0.0,0.0,0.0,0.0,0.0,0.0
D51A,C06,Autres prélèvements sociaux,Other social levies,KIH,_Z,509.0,551.0,590.0,1380.0,1721.0,1803.0,1936.0,1750.0,1807.0,2083.0,2213.0,2720.0,3100.0,3256.0,3367.0,3585.0,4364.0,6924.0,7925.0,8063.0,8547.0,8796.0,9089.0,9240.0,10718.0,10356.0,11608.0,12818.0,13440.0,14646.0
D51A,C07,Impôt sur le revenu,Personal income tax,SPLIT1,_Z,42624.0,43308.0,40403.0,42642.0,46147.0,49511.0,50432.0,47726.0,49794.0,50360.0,52477.0,57072.0,56214.0,60599.0,57079.0,57809.0,60515.0,68544.0,76853.0,77948.0,78419.0,79401.0,80465.0,83020.0,83926.0,82266.0,85844.0,95987.0,96889.0,96163.0
D51A,C08,Prélèvements sur les revenus des capitaux mobiliers,Levies on the income from financial assets (PRCM),KIH,_Z,1413.0,1253.0,950.0,717.0,566.0,567.0,711.0,705.0,601.0,561.0,560.0,1135.0,1211.0,1656.0,1477.0,1525.0,1825.0,2079.0,1190.0,1496.0,1449.0,1085.0,947.0,579.0,1151.0,802.0,1174.0,874.0,1136.0,971.0
D51C1,_T,Impôts sur les plus values des personnes physiques ou des ménages,Taxes on individual or household holding gains (2),_Z,_Z,0.0,0.0,0.0,0.0,0.0,0.0,0.0,0.0,0.0,0.0,0.0,0.0,0.0,0.0,0.0,0.0,0.0,0.0,0.0,0.0,0.0,0.0,0.0,0.0,0.0,0.0,0.0,0.0,0.0,0.0
D51O,_T,Impôts sur le revenu ou les bénéfices des sociétés y compris les gains de détention,Taxes on the income or profits of corporations including holding gains,_Z,_Z,21558.0,25497.0,29243.0,31269.0,36726.0,40577.0,46083.0,39776.0,34369.0,40328.0,43140.0,55159.0,58137.0,58756.0,33769.0,46090.0,53795.0,55610.0,57667.0,55310.0,57988.0,56244.0,66226.0,62405.0,67958.0,64882.0,73990.0,90235.0,82377.0,83760.0
D51O,C01,Autres taxes,Other taxes,KIC,_Z,1501.0,2592.0,2724.0,2530.0,2932.0,2925.0,4187.0,3279.0,1922.0,3207.0,2961.0,3491.0,2736.0,4788.0,3764.0,4567.0,5059.0,5547.0,4287.0,3476.0,3679.0,3926.0,4809.0,6104.0,6132.0,7065.0,10102.0,9774.0,13050.0,13387.0
D51O,C02,Avoir fiscal distribué (négatif),Distributed dividend imputation (negative),KIC,_Z,-7745.0,-7642.0,-8902.0,-10125.0,-11172.0,-12341.0,-14241.0,-17298.0,-18913.0,-19489.0,-5747.0,0.0,0.0,0.0,0.0,0.0,0.0,0.0,0.0,0.0,0.0,0.0,0.0,0.0,0.0,0.0,0.0,0.0,0.0,0.0
D51O,C03,Avoir fiscal utilisé (positif),Used dividend imputation (positive),KIC,_Z,4796.0,4693.0,5134.0,6086.0,6873.0,7884.0,9039.0,12096.0,13200.0,13200.0,0.0,0.0,0.0,0.0,0.0,0.0,0.0,0.0,0.0,0.0,0.0,0.0,0.0,0.0,0.0,0.0,0.0,0.0,0.0,0.0
D51O,C04,Impôts sur les sociétés y compris majoration et frais de poursuite,Corporation income tax including surcharges,KIC,_Z,21857.0,24671.0,30056.0,31350.0,36376.0,39743.0,44264.0,38833.0,35398.0,40315.0,42877.0,48574.0,52034.0,50680.0,27589.0,39636.0,46838.0,47818.0,48999.0,48359.0,50242.0,48683.0,57796.0,54369.0,59710.0,56043.0,62013.0,78026.0,67449.0,67998.0
D51O,C05,Impôt forfaitaire annuel,Annual flat-rate tax,KIC,_Z,958.0,983.0,0.0,1146.0,1462.0,1484.0,1562.0,1680.0,1668.0,1807.0,1817.0,1633.0,1656.0,1721.0,1399.0,599.0,592.0,662.0,680.0,15.0,4.0,2.0,2.0,1.0,0.0,0.0,0.0,0.0,0.0,0.0
D51O,C06,Contribution sociale sur les bénéfices des sociétés,Social contribution on corporations profits (CSB),KIC,_Z,0.0,0.0,0.0,0.0,0.0,589.0,906.0,785.0,619.0,869.0,773.0,951.0,1152.0,1077.0,601.0,842.0,776.0,769.0,1160.0,887.0,971.0,978.0,1142.0,1119.0,1240.0,1171.0,1042.0,1590.0,1012.0,1166.0
D51O,C07,Retenue sur les bénéfices non commerciaux,Tax on non business profits,KIC,_Z,191.0,200.0,231.0,282.0,255.0,293.0,366.0,401.0,475.0,419.0,459.0,510.0,559.0,490.0,416.0,446.0,530.0,621.0,598.0,646.0,927.0,617.0,800.0,808.0,876.0,603.0,833.0,784.0,866.0,660.0
D51O,C08,3% dividendes,3% tax on dividends,KIC,_Z,0.0,0.0,0.0,0.0,0.0,0.0,0.0,0.0,0.0,0.0,0.0,0.0,0.0,0.0,0.0,0.0,0.0,193.0,1943.0,1927.0,2165.0,2038.0,1677.0,4.0,0.0,0.0,0.0,0.0,0.0,0.0
D51O,C09,Contribution temporaire de solidarité,Temporary solidarity contribution,KIC,_Z,,,,,,,,,,,,,,,,,,,,,,,,,,,,61.0,0.0,0.0
D51O,C10,Taxe sur infrastructures de transport longues distances,Tax on long-distance transport infrastructures,KIC,_Z,,,,,,,,,,,,,,,,,,,,,,,,,,,,0.0,0.0,549.0
D51B,_T,Impôts sur le revenu ou les bénéfices des sociétés à l'exclusion des gains de détention,Taxes on the income or profits of corporations excluding holding gains (2),_Z,_Z,21558.0,25497.0,29243.0,31269.0,36726.0,40577.0,46083.0,39776.0,34369.0,40328.0,43140.0,55159.0,58137.0,58756.0,33769.0,46090.0,53795.0,55610.0,57667.0,55310.0,57988.0,56244.0,66226.0,62405.0,67958.0,64882.0,73990.0,90235.0,82377.0,83760.0
D51B,C01,Autres taxes,Other taxes,KIC,_Z,1501.0,2592.0,2724.0,2530.0,2932.0,2925.0,4187.0,3279.0,1922.0,3207.0,2961.0,3491.0,2736.0,4788.0,3764.0,4567.0,5059.0,5547.0,4287.0,3476.0,3679.0,3926.0,4809.0,6104.0,6132.0,7065.0,10102.0,9774.0,13050.0,13387.0
D51B,C02,Avoir fiscal distribué (négatif),Distributed dividend imputation (negative),KIC,_Z,-7745.0,-7642.0,-8902.0,-10125.0,-11172.0,-12341.0,-14241.0,-17298.0,-18913.0,-19489.0,-5747.0,0.0,0.0,0.0,0.0,0.0,0.0,0.0,0.0,0.0,0.0,0.0,0.0,0.0,0.0,0.0,0.0,0.0,0.0,0.0
D51B,C03,Avoir fiscal utilisé (positif),Used dividend imputation (positive),KIC,_Z,4796.0,4693.0,5134.0,6086.0,6873.0,7884.0,9039.0,12096.0,13200.0,13200.0,0.0,0.0,0.0,0.0,0.0,0.0,0.0,0.0,0.0,0.0,0.0,0.0,0.0,0.0,0.0,0.0,0.0,0.0,0.0,0.0
D51B,C04,Impôts sur les sociétés y compris majoration et frais de poursuite,Corporation income tax including surcharges,KIC,_Z,21857.0,24671.0,30056.0,31350.0,36376.0,39743.0,44264.0,38833.0,35398.0,40315.0,42877.0,48574.0,52034.0,50680.0,27589.0,39636.0,46838.0,47818.0,48999.0,48359.0,50242.0,48683.0,57796.0,54369.0,59710.0,56043.0,62013.0,78026.0,67449.0,67998.0
D51B,C05,Impôt forfaitaire annuel,Annual flat-rate tax,KIC,_Z,958.0,983.0,0.0,1146.0,1462.0,1484.0,1562.0,1680.0,1668.0,1807.0,1817.0,1633.0,1656.0,1721.0,1399.0,599.0,592.0,662.0,680.0,15.0,4.0,2.0,2.0,1.0,0.0,0.0,0.0,0.0,0.0,0.0
D51B,C06,Contribution sociale sur les bénéfices des sociétés,Social contribution on corporations profits (CSB),KIC,_Z,0.0,0.0,0.0,0.0,0.0,589.0,906.0,785.0,619.0,869.0,773.0,951.0,1152.0,1077.0,601.0,842.0,776.0,769.0,1160.0,887.0,971.0,978.0,1142.0,1119.0,1240.0,1171.0,1042.0,1590.0,1012.0,1166.0
D51B,C07,Retenue sur les bénéfices non commerciaux,Tax on non business profits,KIC,_Z,191.0,200.0,231.0,282.0,255.0,293.0,366.0,401.0,475.0,419.0,459.0,510.0,559.0,490.0,416.0,446.0,530.0,621.0,598.0,646.0,927.0,617.0,800.0,808.0,876.0,603.0,833.0,784.0,866.0,660.0
D51B,C08,3% dividendes,3% tax on dividends,KIC,_Z,0.0,0.0,0.0,0.0,0.0,0.0,0.0,0.0,0.0,0.0,0.0,0.0,0.0,0.0,0.0,0.0,0.0,193.0,1943.0,1927.0,2165.0,2038.0,1677.0,4.0,0.0,0.0,0.0,0.0,0.0,0.0
D51B,C09,Contribution temporaire de solidarité,Temporary solidarity contribution,KIC,_Z,,,,,,,,,,,,,,,,,,,,,,,,,,,,61.0,0.0,0.0
D51B,C10,Taxe sur infrastructures de transport longues distances,Tax on long-distance transport infrastructures,KIC,_Z,,,,,,,,,,,,,,,,,,,,,,,,,,,,0.0,0.0,549.0
D51C2,_T,Impôts sur les plus values des sociétés,Taxes on holding gains of corporations (2),_Z,_Z,0.0,0.0,0.0,0.0,0.0,0.0,0.0,0.0,0.0,0.0,0.0,0.0,0.0,0.0,0.0,0.0,0.0,0.0,0.0,0.0,0.0,0.0,0.0,0.0,0.0,0.0,0.0,0.0,0.0,0.0
D51C3,_T,Autres impôts sur les plus values,Other taxes on holding gains (2),_Z,_Z,0.0,0.0,0.0,0.0,0.0,0.0,0.0,0.0,0.0,0.0,0.0,0.0,0.0,0.0,0.0,0.0,0.0,0.0,0.0,0.0,0.0,0.0,0.0,0.0,0.0,0.0,0.0,0.0,0.0,0.0
D51C,_T,Impôts sur les plus values,Taxes on holding gains (3),_Z,_Z,0.0,0.0,0.0,0.0,0.0,0.0,0.0,0.0,0.0,0.0,0.0,0.0,0.0,0.0,0.0,0.0,0.0,0.0,0.0,0.0,0.0,0.0,0.0,0.0,0.0,0.0,0.0,0.0,0.0,0.0
D51D,_T,"Impôts sur les gains des loteries, les jeux ou des paris",Taxes on winnings from lottery or gambling,_Z,_Z,0.0,0.0,0.0,0.0,0.0,0.0,0.0,0.0,0.0,0.0,0.0,0.0,0.0,0.0,0.0,0.0,0.0,0.0,0.0,0.0,0.0,0.0,0.0,0.0,0.0,0.0,0.0,0.0,0.0,0.0
D51E,_T,Autres impôts sur le revenu,Other taxes on income n.e.c.,_Z,_Z,30.2,36.8,35.0,34.3,38.4,38.0,41.4,12.6,1.7,1.4,7.9,8.3,7.5,10.1,13.0,12.0,32.0,0.0,15.0,11.0,0.0,34.0,211.0,45.0,76.0,71.0,104.0,215.0,170.0,144.0
D51E,C01,Autres taxes sur le revenu,Other taxes on income,KIH,_Z,30.2,36.8,35.0,34.3,38.4,38.0,41.4,12.6,1.7,1.4,7.9,8.3,7.5,10.1,13.0,12.0,32.0,0.0,15.0,11.0,0.0,34.0,211.0,45.0,76.0,71.0,104.0,215.0,170.0,144.0
D59,_T,Autres impôts courants,Other current taxes,_Z,_Z,13411.9,14336.4,14742.0,15183.3,15893.2,13464.599999999999,13852.0,14282.9,14846.2,15602.7,16851.0,18286.9,19704.5,20117.8,20860.4,22726.9,23864.7,26107.5,26212.6,27706.1,28013.6,27964.2,28629.8,22880.4,19971.0,16504.0,13789.0,8430.0,5810.0,7023.0
D59A,_T,Impôts courants sur le capital,Current taxes on capital,_Z,_Z,9627.9,10401.0,10977.1,11392.9,12010.8,11135.0,11736.1,12140.4,12644.5,13436.2,14638.7,16006.8,17309.4,17684.9,18305.0,20068.0,20581.0,22201.0,22246.0,23587.0,24120.0,24075.0,24813.0,19149.0,16506.0,12952.0,10352.0,8124.0,5500.0,6646.0
D59A,C01,Autres taxes,Other taxes,KS,O,82.9,194.0,195.1,240.9,212.8,222.0,234.1,263.4,275.5,315.2,326.7,293.8,299.4,303.9,318.0,353.0,382.0,391.0,404.0,420.0,472.0,431.0,434.0,410.0,519.0,499.0,438.0,386.0,450.0,651.0
D59A,C02,Impôt de solidarité sur la fortune (jusque 2017) / Impôt sur la fortune immobilière (à partir de 2018),"Wealth tax (ISF until 2017, IFI from 2018 onwards)",KS,O,1292.0,1353.0,1529.0,1692.0,1932.0,2419.0,2645.0,2442.0,2315.0,2554.0,3023.0,3658.0,4390.0,4155.0,3580.0,4461.0,4305.0,5030.0,4372.0,5377.0,5224.0,4837.0,5068.0,1847.0,2059.0,1997.0,2025.0,2270.0,2296.0,2678.0
D59A,C03,Taxe d'habitation,Council tax,_Z,_Z,,,,,,,,,,,,,,,,,,,,,,,,,,,,,,
D59A,C04,Part sur le capital,Tax on capital,KS,RP,4952.0,5312.0,5552.0,5676.0,5920.0,5096.0,5314.0,5661.0,6032.0,6340.0,6773.0,7233.0,7572.0,7936.0,8644.0,9152.0,9536.0,10068.0,10482.0,10674.0,11054.0,11284.0,11587.0,10135.0,8357.0,6274.0,4733.0,3280.0,1653.0,1990.0
D59A,C05,Part sur la consommation,Tax on consumption,C,RP,3301.0,3542.0,3701.0,3784.0,3946.0,3398.0,3543.0,3774.0,4022.0,4227.0,4516.0,4822.0,5048.0,5290.0,5763.0,6102.0,6358.0,6712.0,6988.0,7116.0,7370.0,7523.0,7724.0,6757.0,5571.0,4182.0,3156.0,2188.0,1101.0,1327.0
D59B,_T,Impôts de capitation,Poll taxes,_Z,_Z,0.0,0.0,0.0,0.0,0.0,0.0,0.0,0.0,0.0,0.0,0.0,0.0,0.0,0.0,0.0,0.0,0.0,0.0,0.0,0.0,0.0,0.0,0.0,0.0,0.0,0.0,0.0,0.0,0.0,0.0
D59C,_T,Impôts sur la dépense,Expenditure taxes,_Z,_Z,0.0,0.0,0.0,0.0,0.0,0.0,0.0,0.0,0.0,0.0,0.0,0.0,0.0,0.0,0.0,0.0,0.0,0.0,0.0,0.0,0.0,0.0,0.0,0.0,0.0,0.0,0.0,0.0,0.0,0.0
D59D,_T,Impôts des ménages sur les permis,Payments by households for licences,_Z,_Z,3754.4,3883.7,3607.0,3720.3,3859.6,2306.9,2095.3,2103.7,2144.1,2124.5,2165.9,2223.3,2349.7,2410.1,2508.6,2613.1,2751.6,2839.1,3012.6,3099.1,3158.6,3219.2,3231.8,3282.4,3300.0,3253.0,3210.0,102.0,98.0,101.0
D59D,C01,Taxe sur les véhicules (partie ménages),Taxes on vehicles (households),C,T,1839.0,1917.0,1588.0,1608.0,1652.0,126.0,0.0,0.0,0.0,0.0,0.0,0.0,0.0,0.0,0.0,0.0,0.0,0.0,0.0,0.0,0.0,0.0,0.0,0.0,0.0,0.0,0.0,0.0,0.0,0.0
D59D,C02,Droit annuel de francisation et de navigation,Gallicisation and navigation annual right (DAFN),C,T,0.0,0.0,0.0,0.0,0.0,0.0,0.0,0.0,0.0,0.0,0.0,0.0,0.0,37.0,37.0,39.0,39.0,37.0,37.0,37.0,37.0,39.0,38.0,42.0,43.0,43.0,43.0,44.0,44.0,44.0
D59D,C03,Contribution à l'audiovisuel public,Public service broadcasting contribution,C,_Z,1915.4,1966.7,2019.0,2112.3,2207.6,2180.9,2095.3,2103.7,2144.1,2124.5,2165.9,2223.3,2349.7,2373.1,2471.6,2574.1,2712.6,2802.1,2975.6,3062.1,3121.6,3180.2,3193.8,3240.4,3257.0,3157.0,3109.0,0.0,0.0,0.0
D59D,C04,Redevance cynégétique (permis de chasse),Hunting licence,C,_Z,,,,,,,,,,,,,,,,,,,,,,,,,,53.0,58.0,58.0,54.0,57.0
D59E,_T,Impôts sur les transactions internationales,Taxes on international transactions,_Z,_Z,0.0,0.0,0.0,0.0,0.0,0.0,0.0,0.0,0.0,0.0,0.0,0.0,0.0,0.0,0.0,0.0,0.0,0.0,0.0,0.0,0.0,0.0,0.0,0.0,0.0,0.0,0.0,0.0,0.0,0.0
D59F,_T,Autres impôts courants,Other current taxes n.e.c.,_Z,_Z,29.6,51.7,157.9,70.1,22.8,22.7,20.6,38.8,57.6,42.0,46.4,56.8,45.4,22.8,46.8,45.8,532.1,1067.4,954.0,1020.0,735.0,670.0,585.0,449.0,165.0,299.0,227.0,204.0,212.0,276.0
D59F,C01,Autres taxes,Other taxes,KS,_Z,29.6,51.7,157.9,70.1,22.8,22.7,20.6,38.8,57.6,42.0,46.4,56.8,45.4,22.8,46.8,45.8,37.1,41.4,55.0,41.0,144.0,141.0,149.0,164.0,137.0,271.0,199.0,176.0,184.0,248.0
D59F,C02,Taxe de risque systémique,Tax on systemic risk,KS,O,0.0,0.0,0.0,0.0,0.0,0.0,0.0,0.0,0.0,0.0,0.0,0.0,0.0,0.0,0.0,0.0,495.0,1026.0,899.0,979.0,591.0,529.0,436.0,285.0,28.0,28.0,28.0,28.0,28.0,28.0
D91,_T,Impôts en capital,Capital Taxes,_Z,_Z,4261.0,4842.0,6094.0,5594.0,6563.0,6907.0,7314.0,7152.0,7374.0,8610.0,9006.0,8346.0,8910.0,7894.0,7462.0,7738.0,10440.6,9726.0,10573.0,10495.0,12477.0,12712.0,14527.0,14583.0,15478.0,15365.0,19054.0,18981.0,21404.0,21474.0
D91A,_T,Impôts sur les transferts en capital,Taxes on capital transfers,_Z,_Z,4174.0,4751.0,6005.0,5504.0,6480.0,6827.0,7237.0,6898.0,7183.0,8540.0,8930.0,8277.0,8851.0,7779.0,7357.0,7682.0,8474.0,8987.0,9521.0,10300.0,12167.0,12315.0,14231.0,14312.0,15169.0,14988.0,18584.0,18512.0,20815.0,20819.0
D91A,C01,Mutations à titre gratuit,Inheritance taxes,KS,O,4174.0,4751.0,6005.0,5504.0,6480.0,6827.0,7237.0,6898.0,7183.0,8540.0,8930.0,8277.0,8851.0,7779.0,7357.0,7682.0,8474.0,8987.0,9521.0,10300.0,12167.0,12315.0,14231.0,14312.0,15169.0,14988.0,18584.0,18512.0,20815.0,20819.0
D91B,_T,Prélèvements sur le capital,Capital levies,_Z,_Z,0.0,0.0,0.0,0.0,1.0,0.0,1.0,165.0,100.0,0.0,0.0,0.0,0.0,0.0,0.0,0.0,1772.6,110.0,117.0,120.0,160.0,223.0,183.0,184.0,222.0,336.0,346.0,364.0,401.0,458.0
D91B,C01,Autres taxes,Other taxes,KS,O,0.0,0.0,0.0,0.0,1.0,0.0,1.0,165.0,100.0,0.0,0.0,0.0,0.0,0.0,0.0,0.0,1772.6,110.0,117.0,120.0,160.0,223.0,183.0,184.0,222.0,336.0,346.0,364.0,401.0,458.0
D91C,_T,Autres impôts en capital n.c.a.,Other capital taxes n.e.c.,_Z,_Z,87.0,91.0,89.0,90.0,82.0,80.0,76.0,89.0,91.0,70.0,76.0,69.0,59.0,115.0,105.0,56.0,194.0,629.0,935.0,75.0,150.0,174.0,113.0,87.0,87.0,41.0,124.0,105.0,188.0,197.0
D91C,C01,Recettes diverses et pénalités,Various receipts and tax fines,KS,_Z,87.0,91.0,89.0,90.0,82.0,80.0,76.0,89.0,91.0,70.0,76.0,69.0,59.0,115.0,105.0,56.0,194.0,629.0,935.0,75.0,150.0,174.0,113.0,87.0,87.0,41.0,124.0,105.0,188.0,197.0
ODA,_T,Total des recettes fiscales,TOTAL TAX RECEIPTS,_Z,_Z,295457.3,316906.19999999995,335663.10000000003,376899.5,398209.99999999994,411707.1,425725.4,426191.50000000006,431349.6,457052.5999999999,480664.4,508776.5,528612.0,540738.0,505233.5,526593.0,564423.4,591805.6,613947.6,623989.1,643842.6,653165.2,687085.8,720163.4,747330.0,716922.0,764990.0,827477.0,831633.0,843800.0
D61,_T,Cotisations sociales nettes,Net social contributions,_Z,_Z,242478.3,250962.40000000002,253233.6,236771.9,247809.9,257748.40000000002,267826.0,278112.69999999995,290185.5,299102.0,310698.60000000003,327204.39999999997,339562.2,349010.7,352606.7,360249.0,374641.1,385601.60000000003,397355.2,407236.8,411491.5,416522.8,429075.10000000003,422987.3,406074.0,390712.0,417675.0,442269.0,461666.0,482281.0
D611,_T,Cotisations sociales effectives à la charge des employeurs,Employers' actual social contributions,_Z,_Z,136307.3,138815.7,143186.3,147465.4,154392.4,159560.7,165203.9,171133.1,177701.09999999998,182912.0,190198.69999999998,200055.09999999998,207387.9,213406.5,214363.0,218810.0,229079.0,234732.0,239865.0,245529.0,247372.0,249809.0,258112.0,264286.0,246386.0,235532.0,254127.0,268220.0,280955.0,293148.0
D611C,_T,Cotisations sociales effectives obligatoires à la charge des employeurs,Compulsory employers' actual social contributions,_Z,_Z,136307.3,138815.7,143186.3,147465.4,154392.4,159560.7,165203.9,171133.1,177701.09999999998,182912.0,190198.69999999998,200055.09999999998,207387.9,213406.5,214363.0,218810.0,229079.0,234732.0,239865.0,245529.0,247372.0,249809.0,258112.0,264286.0,246386.0,235532.0,254127.0,268220.0,280955.0,293148.0
D611V,_T,Cotisations sociales effectives volontaires des employeurs,Voluntary employers' actual social contributions,_Z,_Z,0.0,0.0,0.0,0.0,0.0,0.0,0.0,0.0,0.0,0.0,0.0,0.0,0.0,0.0,0.0,0.0,0.0,0.0,0.0,0.0,0.0,0.0,0.0,0.0,0.0,0.0,0.0,0.0,0.0,0.0
D61SC,_T,Rémunération du service des régimes d'assurance sociale,Social insurance scheme service charges (3),_Z,_Z,,,,,,,,,,,,,,,,,,,,,,,,,,,,,,
D6111,_T,Cotisations de pension effectives à la charge des employeurs,Employers' actual pension contributions (1),_Z,_Z,,,,,,,,,,,,,,,,,,,,,,,,,,,,,,
D6112,_T,Cotisations effectives autres que de pension à la charge des employeurs,Employers' actual non-pension contributions (1),_Z,_Z,,,,,,,,,,,,,,,,,,,,,,,,,,,,,,
D612,_T,Cotisations sociales imputées à la charge des employeurs,Employers' imputed social contributions,_Z,_Z,20840.100000000002,22547.7,23383.4,24051.8,24893.600000000002,25980.8,26724.8,27915.199999999997,29380.300000000003,30122.6,31191.799999999996,31916.8,33638.5,34992.4,36853.7,38171.0,39713.1,41140.6,42121.2,42640.799999999996,42831.5,43118.8,43260.100000000006,43877.3,44186.0,44617.0,44866.0,46474.0,48176.0,51216.0
D6121,_T,Cotisations de pension imputées à la charge des employeurs,Employers' imputed pension contributions (1),_Z,_Z,,,,,,,,,,,,,,,,,,,,,,,,,,,,,,
D6122,_T,Cotisations imputées autres que de pension à la charge des employeurs,Employers' imputed non-pension contributions (1),_Z,_Z,,,,,,,,,,,,,,,,,,,,,,,,,,,,,,
D613,_T,Cotisations sociales effectives à la charge des ménages,Households' actual social contributions,_Z,_Z,85330.9,89599.0,86663.9,65254.7,68523.9,72206.9,75897.3,79064.4,83104.1,86067.4,89308.1,95232.5,98535.8,100611.8,101390.0,103268.0,105849.0,109729.0,115369.0,119067.0,121288.0,123595.0,127703.0,114824.0,115502.0,110563.0,118682.0,127575.0,132535.0,137917.0
D6131,_T,Cotisations de pension effectives à la charge des ménages,Households' actual pension contributions (1),_Z,_Z,,,,,,,,,,,,,,,,,,,,,,,,,,,,,,
D6132,_T,Cotisations effectives autres que de pension à la charge des ménages,Households' actual non-pension contributions (1),_Z,_Z,,,,,,,,,,,,,,,,,,,,,,,,,,,,,,
D613C,_T,Cotisations sociales effectives obligatoires à la charge des ménages,Compulsory households' actual social contributions,_Z,_Z,84846.9,89055.0,86128.9,64856.7,68108.9,71765.9,75414.3,78571.4,82568.1,85499.4,88709.1,94574.5,97858.8,99892.8,100638.0,102492.0,105077.0,108921.0,114524.0,118199.0,120435.0,122759.0,126868.0,114028.0,114649.0,109747.0,117820.0,126618.0,131583.0,136907.0
D613CE,_T,Cotisations sociales effectives obligatoires à la charge des salariés,Compulsory employees' actual social contributions,_Z,_Z,69204.9,71458.0,68818.9,52001.7,54697.9,57494.9,59785.3,62641.4,65231.1,67143.4,69331.1,73312.5,75963.8,76656.8,76328.0,77407.0,80114.0,82791.0,87204.0,90137.0,92853.0,95725.0,99861.0,88280.0,87065.0,83369.0,89938.0,95670.0,100795.0,104256.0
D613CS,_T,Cotisations sociales effectives obligatoires à la charge des travailleurs indépendants,Compulsory actual social contributions by the self-employed (1),_Z,_Z,13464.0,15147.0,14900.0,11065.0,11544.0,12284.0,13453.0,13712.0,14923.0,15801.0,16680.0,18302.0,18847.0,20001.0,20926.0,21557.0,21405.0,22563.0,23995.0,24706.0,23900.0,22944.0,22791.0,21950.0,23521.0,21944.0,23816.0,27278.0,27137.0,28779.0
D613CN,_T,Cotisations sociales effectives obligatoires à la charge des personnes n'occupant pas d'emploi,Compulsory actual social contributions by the non-employed (1),_Z,_Z,2178.0,2450.0,2410.0,1790.0,1867.0,1987.0,2176.0,2218.0,2414.0,2555.0,2698.0,2960.0,3048.0,3235.0,3384.0,3528.0,3558.0,3567.0,3325.0,3356.0,3682.0,4090.0,4216.0,3798.0,4063.0,4434.0,4066.0,3670.0,3651.0,3872.0
D613V,_T,Cotisations sociales effectives volontaires des ménages,Voluntary households' actual social contributions,_Z,_Z,484.0,544.0,535.0,398.0,415.0,441.0,483.0,493.0,536.0,568.0,599.0,658.0,677.0,719.0,752.0,776.0,772.0,808.0,845.0,868.0,853.0,836.0,835.0,796.0,853.0,816.0,862.0,957.0,952.0,1010.0
D614,_T,Suppléments de cotisations sociales à la charge des ménages,Households' social contributions supplements(3),_Z,_Z,,,,,,,,,,,,,,,,,,,,,,,,,,,,,,
D6141,_T,Suppléments de cotisations de pension à la charge des ménages,Households' pension contributions supplements (1),_Z,_Z,,,,,,,,,,,,,,,,,,,,,,,,,,,,,,
D6142,_T,Suppléments de cotisations autres que de pension à la charge des ménages,Households' non-pension contributions supplements (1),_Z,_Z,,,,,,,,,,,,,,,,,,,,,,,,,,,,,,
D995,_T,Transferts en capital des administrations publiques vers les secteurs concernés correspondant à des impôts et cotisations sociales dus non recouvrables,Capital transfers from general government to relevant sectors representing taxes and social contributions assessed but unlikely to be collected (5),_Z,_Z,2824.5,2774.1,2758.9,2898.6,3118.1,3204.6000000000004,3322.1,3241.7999999999997,3281.4,3413.7000000000003,3697.7000000000003,3697.9,4675.3,4842.799999999999,4539.1,4775.9,5056.1,5314.1,5879.0,5792.0,5897.0,5580.0,5615.0,5464.0,3907.0,9775.0,6730.0,4264.0,4424.0,4621.0
D995A,_T,Impôts sur les produits dus non recouvrables,Taxes on products assessed but unlikely to be collected (2),_Z,_Z,1.0,1.0,1.0,1.0,1.0,1.0,1.0,1.0,1.0,1.0,2.0,1.0,2.0,12.0,5.0,5.0,1.0,0.0,0.0,0.0,0.0,0.0,0.0,0.0,0.0,0.0,0.0,0.0,0.0,0.0
D995B,_T,Autres impôts sur la production dus non recouvrables,Other taxes on production assessed but unlikely to be collected (2),_Z,_Z,289.0,259.0,243.0,259.0,292.0,291.0,299.0,269.0,260.0,286.0,332.0,299.0,444.0,1101.0,1017.0,511.0,57.0,484.0,323.0,303.0,551.0,108.0,406.0,322.0,301.0,428.0,452.0,449.0,460.0,481.0
D995C,_T,Impôts sur le revenu dus non recouvrables,Taxes on income assessed but unlikely to be collected (2),_Z,_Z,710.0,683.5,711.2,959.5,1052.5,1085.2,1128.9,1059.6,1049.6,1109.4,1245.9,1218.5,1625.2,1047.6,843.4,1314.4,2405.9,1890.4,2655.0,2531.0,2198.0,2684.0,2352.0,2408.0,1102.0,2787.0,1749.0,1087.0,1147.0,1194.0
D995D,_T,Autres impôts courants dus non recouvrables,Other current taxes assessed but unlikely to be collected (2),_Z,_Z,168.0,151.0,142.0,150.0,170.0,170.0,174.0,157.0,151.0,167.0,194.0,174.0,260.0,275.0,274.0,495.0,40.0,323.0,216.0,200.0,372.0,65.0,268.0,213.0,18.0,28.0,98.0,61.0,29.0,36.0
D995E,_T,Cotisations sociales effectives à la charge des employeurs dues non recouvrables,Employers' actual social contributions assessed but unlikely to be collected (2),_Z,_Z,1038.5,1038.6,1053.7,1082.1,1131.6,1162.4,1201.2,1222.2,1263.8,1282.3,1330.8,1378.4,1613.1,1660.2,1652.7,1687.5,1770.2,1808.6999999999998,1839.0,1884.0,1891.0,1852.0,1759.0,1789.0,1727.0,4544.0,3084.0,1845.0,1932.0,2018.0
D995F,_T,Cotisations sociales effectives à la charge des ménages dues non recouvrables,Households' actual social contributions assessed but unlikely to be collected (2),_Z,_Z,618.0,641.0,608.0,447.0,471.0,495.0,518.0,533.0,556.0,568.0,593.0,627.0,731.0,747.0,747.0,763.0,782.0,808.0,846.0,874.0,885.0,871.0,830.0,732.0,759.0,1988.0,1347.0,822.0,856.0,892.0
D995FE,_T,Cotisations sociales effectives à la charge des salariés dues non recouvrables,Employees' actual social contributions assessed but unlikely to be collected (2),_Z,_Z,499.0,508.0,479.0,352.0,372.0,391.0,404.0,418.0,433.0,439.0,457.0,478.0,559.0,564.0,559.0,569.0,589.0,606.0,636.0,658.0,673.0,671.0,645.0,558.0,564.0,1477.0,1008.0,609.0,644.0,667.0
D995FS,_T,Cotisations sociales effectives à la charge des travailleurs indépendants dues non recouvrables,Actual social contributions by self-employed persons assessed but unlikely to be collected (1),_Z,_Z,102.0,114.0,111.0,81.0,85.0,90.0,98.0,99.0,106.0,111.0,117.0,128.0,148.0,157.0,162.0,167.0,166.0,175.0,185.0,190.0,193.0,170.0,156.0,148.0,166.0,425.0,290.0,188.0,187.0,198.0
D995FN,_T,Cotisations sociales effectives à la charge des personnes n'occupant pas d'emploi dues non recouvrables,Actual social contributions by non-employed persons assessed but unlikely to be collected (1),_Z,_Z,17.0,19.0,18.0,14.0,14.0,14.0,16.0,16.0,17.0,18.0,19.0,21.0,24.0,26.0,26.0,27.0,27.0,27.0,25.0,26.0,19.0,30.0,29.0,26.0,29.0,86.0,49.0,25.0,25.0,27.0
D995G,_T,Impôts en capital dus non recouvrables,Capital taxes assessed but unlikely to be collected (2),_Z,_Z,0.0,0.0,0.0,0.0,0.0,0.0,0.0,0.0,0.0,0.0,0.0,0.0,0.0,0.0,0.0,0.0,0.0,0.0,0.0,0.0,0.0,0.0,0.0,0.0,0.0,0.0,0.0,0.0,0.0,0.0
ODB,_T,Produit total des impôts et cotisations sociales après déduction des montants dus non recouvrables,Total receipts from taxes and social contributions after deduction of amounts assessed but unlikely to be collected,_Z,_Z,514271.0,542546.7999999999,562754.3999999999,586721.0,618008.2,640270.1,663504.5,673147.2000000001,688873.3999999999,722618.3,756473.5,800366.2,829860.3999999999,849913.5,816447.3999999999,843895.1,894295.2999999999,930952.5,963302.6,982793.1,1006605.6,1020989.2,1067285.8,1093809.4,1105311.0,1053242.0,1131069.0,1219008.0,1240699.0,1270244.0
ODC,_T,Produit total des impôts et cotisations sociales nettes (y compris cotisations sociales imputées) après déduction des montants dus non recouvrables,Total receipts from taxes and net social contributions (including imputed social contributions) after deduction of amounts assessed but unlikely to be collected,_Z,_Z,535111.1,565094.5,586137.7999999999,610772.7999999999,642901.8,666250.8999999999,690229.3,701062.4,718253.7,752740.8999999999,787665.3,832283.0,863498.8999999999,884905.9000000001,853301.1,882066.1,934008.3999999999,972093.1,1005423.8,1025433.8999999999,1049437.1,1064108.0,1110545.9,1137686.7000000002,1149497.0,1097859.0,1175935.0,1265482.0,1288875.0,1321460.0
ODD,_T,Charge fiscale = produit total des impôts et cotisations sociales obligatoires après déduction des montants dus non recouvrables,Total receipts from taxes and compulsory social contributions after deduction of amounts assessed but unlikely to be collected,_Z,_Z,513787.0,542002.7999999999,562219.3999999999,586323.0,617593.2,639829.1,663021.5,672654.2000000001,688337.3999999999,722050.3,755874.5,799708.2,829183.3999999999,849194.5,815695.3999999999,843119.1,893523.2999999999,930144.5,962457.6,981925.1,1005752.6,1020153.2,1066450.8,1093013.4,1104458.0,1052426.0,1130207.0,1218051.0,1239747.0,1269234.0
