pays,code,moins_18,18_64,65_plus,ensemble
Union européenne,EU27_2020,19.3,15.1,16.6,16.2
France,FR,21.4,15.3,12.4,15.9
Allemagne,DE,15.2,14.2,19.4,15.5
Italie,IT,23.2,18.4,17.6,18.9
Espagne,ES,29.2,18.1,16.9,19.7
Danemark,DK,10.1,12.3,11.1,11.6
Suède,SE,18.2,15.0,10.9,14.8
Pays-Bas,NL,13.7,11.6,12.4,12.1
Belgique,BE,14.4,10.2,12.2,11.4
Pologne,PL,13.6,13.4,15.2,13.8
Autriche,AT,17.9,12.6,16.3,14.3
Finlande,FI,11.6,13.1,12.1,12.6
Portugal,PT,17.8,14.4,21.1,16.6
Irlande,IE,15.1,9.9,20.5,12.7
Tchéquie,CZ,13.9,8.5,8.3,9.5
Luxembourg,LU,24.1,18.3,9.4,18.1
Estonie,EE,14.1,15.8,39.4,20.2
Lettonie,LV,15.5,16.6,41.4,21.6
Lituanie,LT,19.0,17.3,36.9,21.5
Grèce,EL,22.4,19.1,18.8,19.6
Hongrie,HU,17.4,12.8,16.1,14.3
Slovaquie,SK,19.8,14.5,8.9,14.5
Slovénie,SI,10.7,10.9,22.5,13.2
Croatie,HR,18.3,14.7,37.0,20.3
Roumanie,RO,26.2,17.5,16.4,19.0
Bulgarie,BG,28.2,18.3,25.5,21.7
Chypre,CY,12.6,10.6,31.1,14.6
Malte,MT,23.7,12.4,28.5,16.9
