pays,code,ratio_65plus_sur_ensemble
Luxembourg,LU,1.16
Slovaquie,SK,1.06
Espagne,ES,1.05
Italie,IT,1.0
France,FR,0.94
Autriche,AT,0.92
Grèce,EL,0.92
Union européenne,EU27_2020,0.9
Hongrie,HU,0.9
Pologne,PL,0.89
Irlande,IE,0.88
Portugal,PT,0.87
Roumanie,RO,0.87
Suède,SE,0.85
Finlande,FI,0.84
Allemagne,DE,0.83
Tchéquie,CZ,0.82
Danemark,DK,0.78
Pays-Bas,NL,0.78
Slovénie,SI,0.78
Belgique,BE,0.77
Bulgarie,BG,0.76
Chypre,CY,0.73
Malte,MT,0.73
Croatie,HR,0.68
Lituanie,LT,0.63
Lettonie,LV,0.62
Estonie,EE,0.61
