pays,code,2000,2001,2002,2003,2004,2005,2006,2007,2008,2009,2010,2011,2012,2013,2014,2015,2016,2017,2018,2019,2020,2021,2022,2023,2024,2025
Autriche,AUT,43.714286,43.714286,43.714286,43.714286,43.714286,43.714286,43.714286,43.7,43.714286,43.714286,43.714286,43.714286,43.714286,50.0,50.0,50.0,55.0,55.0,55.0,55.0,55.0,55.0,55.0,55.0,55.0,55.0
Belgique,BEL,60.5,59.95,55.64,53.5,53.5,53.5,53.5,53.7,53.7,53.7,53.7,53.7,53.7,53.7,53.75,53.8,53.3,52.9341,52.9341,52.9341,52.9341,52.8844,52.8844,52.8844,52.7351,52.7351
Tchéquie,CZE,32.0,32.0,32.0,32.0,32.0,32.0,32.0,32.0,15.0,15.0,15.0,15.0,15.0,15.0,15.0,15.0,15.0,15.0,15.0,15.0,15.0,23.0,23.0,23.0,23.0,23.0
Allemagne,DEU,53.817,51.1816,51.1858,51.1858,47.475,44.3095,44.31,47.475,47.475,47.475,47.475,47.475,47.475,47.475,47.475,47.475,47.475,47.475,47.475,47.475,47.475,47.475,47.475,47.475,47.475,47.475
Danemark,DNK,59.0,59.0,59.0,59.0,59.0,59.0,59.0,59.0,62.28,62.14936,55.38,55.38,55.38,55.564,55.564,55.794,55.794,55.794,55.8584,55.886,55.8952,55.8952,55.9044,55.9044,55.9044,55.9044
Espagne,ESP,48.0,48.0,48.0,45.0,45.0,45.0,45.0,43.0,43.0,43.0,43.0,45.0,52.0,52.0,52.0,45.0,45.0,43.5,43.5,43.5,43.5,49.0386,48.5731,48.5718,48.5718,48.5757
Estonie,EST,26.0,26.0,26.0,26.0,26.0,24.0,23.0,22.0,21.0,21.0,21.0,21.0,21.0,21.0,21.0,20.0,20.0,20.0,20.0,20.0,20.0,20.0,20.0,20.0,20.0,22.0
Finlande,FIN,55.17,54.68,53.78,53.03,52.12,51.8,50.9,50.45,50.05,49.09,48.98,49.17,49.0,51.13,51.49,51.59,51.62,51.41,51.11,51.13,51.22,51.27,51.26,51.38,51.46,51.79
France,FRA,58.270038,57.794262,54.777849,53.360039,53.360039,53.470988,45.7812,45.7812,45.7812,45.7812,46.73173,50.53385,54.404733,122.796992,54.501,54.501,54.501,54.501,55.368,55.368,55.368,55.368,55.368,55.368,55.368,55.368
Royaume-Uni,GBR,40.0,40.0,40.0,40.0,40.0,40.0,40.0,40.0,40.0,40.0,50.0,50.0,50.0,45.0,45.0,45.0,45.0,45.0,45.0,45.0,45.0,45.0,45.0,45.0,45.0,45.0
Grèce,GRC,43.875,41.4375,39.0,40.0,40.0,40.0,40.0,40.0,40.0,40.0,45.0,49.0,49.0,46.0,46.0,50.0,55.0,55.0,55.0,55.0,54.0,44.0,44.0,44.0,44.0,44.0
Hongrie,HUN,40.0,40.0,40.0,40.0,38.0,38.0,36.0,36.0,36.0,36.0,32.0,16.0,16.0,16.0,16.0,16.0,15.0,15.0,15.0,15.0,15.0,15.0,15.0,15.0,15.0,15.0
Irlande,IRL,46.0,44.0,44.0,44.0,44.0,44.0,44.0,43.5,43.5,50.17,52.0,48.0,48.0,48.0,48.0,48.0,48.0,48.0,48.0,48.0,48.0,48.0,48.0,48.0,48.0,48.0
Italie,ITA,46.4,45.9,46.1,46.1,46.1,44.1,44.6,44.9,44.9,44.9,45.2,47.2611,47.2611,47.2611,47.8431,48.8131,48.8131,47.23,47.23,47.23,47.23,47.23,47.23,47.23,47.23,47.23
Pays-Bas,NLD,60.0,52.0,52.0,52.0,52.0,52.0,52.0,52.0,52.0,52.0,52.0,52.0,52.0,52.0,52.0,52.0,52.0,52.0,51.95,51.75,49.5,49.5,49.5,49.5,49.5,49.5
Pologne,POL,40.0,40.0,40.0,40.0,40.0,40.0,40.0,40.0,40.0,32.0,32.0,32.0,32.0,32.0,32.0,32.0,32.0,32.0,32.0,32.0,32.0,32.0,32.0,32.0,32.0,32.0
Portugal,PRT,40.0,40.0,40.0,40.0,40.0,40.0,42.0,42.0,42.0,42.0,45.88,50.0,49.0,56.5,56.5,56.5,56.5,56.21,53.0,53.0,53.0,53.0,53.0,53.0,53.0,53.0
Suède,SWE,55.38,55.53,55.52,56.17,56.51,56.6,56.6,56.55,56.44,56.52,56.56,56.55,56.6,56.73,56.86,56.99,57.1,57.12,57.12,57.19,52.28,52.27,52.24,52.24,52.37,52.41
États-Unis,USA,46.65,46.05,45.35,41.55,41.5,41.4,41.4,41.4,41.85,41.85,41.85,41.85,41.78,46.25,46.25,46.25,46.25,46.25,43.65,43.65,43.65,43.65,43.65,43.45,43.65,43.65
