pays,code,annee,taux,seuil_x_salaire_moyen
Australie,AUS,2020,47,1.98057
Australie,AUS,2021,47,1.937535
Australie,AUS,2022,47,1.880192
Australie,AUS,2023,47,1.807861
Australie,AUS,2024,47,1.73421
Australie,AUS,2025,47,1.74835
Autriche,AUT,2020,55,22.348941
Autriche,AUT,2021,55,21.751674
Autriche,AUT,2022,55,20.658344
Autriche,AUT,2023,55,19.290971
Autriche,AUT,2024,55,18.081621
Autriche,AUT,2025,55,17.439889
Belgique,BEL,2020,52.9341,1.0504
Belgique,BEL,2021,52.8844,1.037233
Belgique,BEL,2022,52.8844,0.990934
Belgique,BEL,2023,52.8844,1.014585
Belgique,BEL,2024,52.7351,1.03031
Belgique,BEL,2025,52.7351,1.02899
Canada,CAN,2020,53.5296,2.893114
Canada,CAN,2021,53.5296,2.770956
Canada,CAN,2022,53.5296,2.699502
Canada,CAN,2023,53.5296,2.70373
Canada,CAN,2024,53.5296,2.728347
Canada,CAN,2025,53.5296,2.754178
Suisse,CHE,2020,41.67,3.216664
Suisse,CHE,2021,41.67,3.096507
Suisse,CHE,2022,41.54,3.137307
Suisse,CHE,2023,41.54,3.083848
Suisse,CHE,2024,41.41,3.10415
Suisse,CHE,2025,41.41,3.08328
Chili,CHL,2020,35,7.658949
Chili,CHL,2021,39.999999,19.187084
Chili,CHL,2022,40.000001,19.719908
Chili,CHL,2023,39.999998,19.529906
Chili,CHL,2024,39.999999,19.294607
Chili,CHL,2025,39.999999,18.576002
Colombie,COL,2020,39.000005,68.894177
Colombie,COL,2021,39.000005,65.985844
Colombie,COL,2022,38.999999,56.138153
Colombie,COL,2023,38.999999,51.021979
Colombie,COL,2024,39.000005,52.319361
Colombie,COL,2025,38.999999,51.543977
Costa Rica,CRI,2020,25,6.81783
Costa Rica,CRI,2021,25,5.940131
Costa Rica,CRI,2022,25,5.995148
Costa Rica,CRI,2023,25,6.482258
Costa Rica,CRI,2024,25,6.300921
Costa Rica,CRI,2025,25,5.965382
Tchéquie,CZE,2020,15,2E-06
Tchéquie,CZE,2021,23,3.810768
Tchéquie,CZE,2022,23,3.89416
Tchéquie,CZE,2023,23,3.733828
Tchéquie,CZE,2024,23,2.872461
Tchéquie,CZE,2025,23,2.866303
Allemagne,DEU,2020,47.475,5.547725
Allemagne,DEU,2021,47.475,5.450095
Allemagne,DEU,2022,47.475,5.075538
Allemagne,DEU,2023,47.475,4.867634
Allemagne,DEU,2024,47.475,4.6366
Allemagne,DEU,2025,47.475,4.424168
Danemark,DNK,2020,55.8952,1.31176
Danemark,DNK,2021,55.8952,1.3107
Danemark,DNK,2022,55.9044,1.279386
Danemark,DNK,2023,55.9044,1.26301
Danemark,DNK,2024,55.9044,1.22791
Danemark,DNK,2025,55.9044,1.238198
Espagne,ESP,2020,43.5,2.501202
Espagne,ESP,2021,49.0386,11.066264
Espagne,ESP,2022,48.5731,10.603051
Espagne,ESP,2023,48.5718,10.098512
Espagne,ESP,2024,48.5718,9.712311
Espagne,ESP,2025,48.5757,9.358409
Estonie,EST,2020,20,0.35402
Estonie,EST,2021,20,0.329784
Estonie,EST,2022,20,0.301495
Estonie,EST,2023,20,0.353528
Estonie,EST,2024,20,0.330389
Estonie,EST,2025,22,0.311485
Finlande,FIN,2020,51.22,1.822825
Finlande,FIN,2021,51.27,1.828297
Finlande,FIN,2022,51.26,1.825101
Finlande,FIN,2023,51.38,1.817355
Finlande,FIN,2024,51.46,3.07417
Finlande,FIN,2025,51.79,2.973185
France,FRA,2020,55.368,15.601425
France,FRA,2021,55.368,14.850376
France,FRA,2022,55.368,14.059618
France,FRA,2023,55.368,13.572959
France,FRA,2024,55.368,13.110908
France,FRA,2025,55.368,12.941798
Royaume-Uni,GBR,2020,45,3.752071
Royaume-Uni,GBR,2021,45,3.532088
Royaume-Uni,GBR,2022,45,3.327648
Royaume-Uni,GBR,2023,45,2.550807
Royaume-Uni,GBR,2024,45,2.378423
Royaume-Uni,GBR,2025,45,2.235356
Grèce,GRC,2020,54,12.430177
Grèce,GRC,2021,44,2.322172
Grèce,GRC,2022,44,2.096258
Grèce,GRC,2023,44,1.930357
Grèce,GRC,2024,44,1.808481
Grèce,GRC,2025,44,1.738306
Hongrie,HUN,2020,15,0
Hongrie,HUN,2021,15,0
Hongrie,HUN,2022,15,0
Hongrie,HUN,2023,15,0
Hongrie,HUN,2024,15,0
Hongrie,HUN,2025,15,0
Irlande,IRL,2020,48,1.298036
Irlande,IRL,2021,48,1.378917
Irlande,IRL,2022,48,1.346655
Irlande,IRL,2023,48,1.259317
Irlande,IRL,2024,48,1.207122
Irlande,IRL,2025,48,1.162416
Islande,ISL,2020,46.24,1.242477
Islande,ISL,2021,46.25,1.240187
Islande,ISL,2022,46.25,1.245338
Islande,ISL,2023,46.25,1.282322
Islande,ISL,2024,46.28,1.325903
Islande,ISL,2025,46.29,1.332212
Israël,ISR,2020,50,3.94336
Israël,ISR,2021,50,3.806604
Israël,ISR,2022,50,3.61573
Israël,ISR,2023,50,3.6639
Israël,ISR,2024,50,3.501635
Israël,ISR,2025,50,3.44034
Italie,ITA,2020,47.23,2.584444
Italie,ITA,2021,47.23,2.514594
Italie,ITA,2022,47.23,1.660396
Italie,ITA,2023,47.23,1.612097
Italie,ITA,2024,47.23,1.562364
Italie,ITA,2025,47.23,1.509617
Japon,JPN,2020,55.945,8.324279
Japon,JPN,2021,55.945,8.575664
Japon,JPN,2022,55.945,8.445833
Japon,JPN,2023,55.945,8.289439
Japon,JPN,2024,55.945,7.898953
Japon,JPN,2025,55.945,7.669291
Corée,KOR,2020,46.200001,11.736734
Corée,KOR,2021,49.499989,21.796074
Corée,KOR,2022,49.499992,20.665668
Corée,KOR,2023,49.500014,20.074675
Corée,KOR,2024,49.500003,19.508361
Corée,KOR,2025,49.500003,18.991063
Lituanie,LTU,2020,32,6.190679
Lituanie,LTU,2021,32,4.372888
Lituanie,LTU,2022,32,4.257783
Lituanie,LTU,2023,32,4.246472
Lituanie,LTU,2024,32,4.39365
Lituanie,LTU,2025,32,4.443889
Luxembourg,LUX,2020,45.78,3.340764
Luxembourg,LUX,2021,45.78,3.291102
Luxembourg,LUX,2022,45.78,3.149519
Luxembourg,LUX,2023,45.78,2.972912
Luxembourg,LUX,2024,45.78,3.170297
Luxembourg,LUX,2025,45.78,3.25869
Lettonie,LVA,2020,31.557789,4.598755
Lettonie,LVA,2021,31.155779,4.111032
Lettonie,LVA,2022,31.155779,4.733394
Lettonie,LVA,2023,31.155779,4.245488
Lettonie,LVA,2024,31.155779,3.906599
Lettonie,LVA,2025,0,0
Mexique,MEX,2020,35,25.31648
Mexique,MEX,2021,35,25.40676
Mexique,MEX,2022,35,22.723394
Mexique,MEX,2023,35,23.60615
Mexique,MEX,2024,35,21.48079
Mexique,MEX,2025,35,20.56753
Pays-Bas,NLD,2020,49.5,1.330203
Pays-Bas,NLD,2021,49.5,1.284229
Pays-Bas,NLD,2022,49.5,1.234923
Pays-Bas,NLD,2023,49.5,1.232149
Pays-Bas,NLD,2024,49.5,1.198127
Pays-Bas,NLD,2025,49.5,1.169261
Norvège,NOR,2020,38.2,1.589437
Norvège,NOR,2021,38.2,1.550312
Norvège,NOR,2022,39.4,2.901491
Norvège,NOR,2023,39.5,2.061817
Norvège,NOR,2024,39.6,1.754441
Norvège,NOR,2025,39.7,1.75971
Nouvelle-Zélande,NZL,2020,33,1.07703
Nouvelle-Zélande,NZL,2021,39,2.72906
Nouvelle-Zélande,NZL,2022,39,2.550012
Nouvelle-Zélande,NZL,2023,39,2.368395
Nouvelle-Zélande,NZL,2024,39,2.249475
Nouvelle-Zélande,NZL,2025,39,2.166774
Pologne,POL,2020,32,1.537408
Pologne,POL,2021,32,1.52857
Pologne,POL,2022,32,1.873822
Pologne,POL,2023,32,1.659162
Pologne,POL,2024,32,1.479211
Pologne,POL,2025,32,1.34808
Portugal,PRT,2020,53,14.13854
Portugal,PRT,2021,53,15.101345
Portugal,PRT,2022,53,14.230982
Portugal,PRT,2023,53,13.064419
Portugal,PRT,2024,53,12.150613
Portugal,PRT,2025,53,11.581589
Slovaquie,SVK,2020,25,3.198286
Slovaquie,SVK,2021,25,3.050888
Slovaquie,SVK,2022,25,2.835669
Slovaquie,SVK,2023,25,2.776287
Slovaquie,SVK,2024,25,2.993728
Slovaquie,SVK,2025,25,2.855355
Slovénie,SVN,2020,50,4.603398
Slovénie,SVN,2021,50,4.350842
Slovénie,SVN,2022,45,4.272849
Slovénie,SVN,2023,50,3.921356
Slovénie,SVN,2024,50,3.617203
Slovénie,SVN,2025,50,3.589237
Suède,SWE,2020,52.28,1.127048
Suède,SWE,2021,52.27,1.127806
Suède,SWE,2022,52.24,1.123706
Suède,SWE,2023,52.24,1.188518
Suède,SWE,2024,52.37,1.139588
Suède,SWE,2025,52.41,1.15434
Turquie,TUR,2020,40.76,8.771485
Turquie,TUR,2021,40.76,8.026402
Turquie,TUR,2022,40.76,6.35787
Turquie,TUR,2023,40.76,6.62478
Turquie,TUR,2024,40.76,5.48864
Turquie,TUR,2025,40.76,5.582718
États-Unis,USA,2020,43.65,8.918471
États-Unis,USA,2021,43.65,8.623598
États-Unis,USA,2022,43.65,8.525744
États-Unis,USA,2023,43.45,8.7403
États-Unis,USA,2024,43.65,8.825954
États-Unis,USA,2025,43.65,8.733675
