cycle,section,label,official_url,status,size_mb,access_url
PISA 2025,SPSS Data Files (Compressed),School questionnaire data file,https://webfs.oecd.org/pisa2022/2025/CY09_MS_SCH_PUF.zip,direct,5.07,https://webfs.oecd.org/pisa2022/2025/CY09_MS_SCH_PUF.zip
PISA 2025,SPSS Data Files (Compressed),Student questionnaire data file,https://webfs.oecd.org/pisa2022/2025/CY09_MS_STU_PUF.zip,direct,946.91,https://webfs.oecd.org/pisa2022/2025/CY09_MS_STU_PUF.zip
PISA 2025,SPSS Data Files (Compressed),Teacher questionnaire data file,https://webfs.oecd.org/pisa2022/2025/CY09_MS_TCH_PUF.zip,direct,5.88,https://webfs.oecd.org/pisa2022/2025/CY09_MS_TCH_PUF.zip
PISA 2025,SPSS Data Files (Compressed),Cognitive item data file,https://webfs.oecd.org/pisa2022/2025/CY09_MS_COG_PUF.zip,direct,214.34,https://webfs.oecd.org/pisa2022/2025/CY09_MS_COG_PUF.zip
PISA 2025,SPSS Data Files (Compressed),Cognitive process data file,https://webfs.oecd.org/pisa2022/2025/CY09_MS_COG_PROCESS_PUF.zip,direct,404.93,https://webfs.oecd.org/pisa2022/2025/CY09_MS_COG_PROCESS_PUF.zip
PISA 2025,,Questionnaire timing data file,https://webfs.oecd.org/pisa2022/2025/CY09_MS_STU_TT_PUF.zip,direct,62.03,https://webfs.oecd.org/pisa2022/2025/CY09_MS_STU_TT_PUF.zip
PISA 2025,,LDW cognitive data file,https://webfs.oecd.org/pisa2022/2025/CY09_MS_SCH_PUF.zip,direct,5.07,https://webfs.oecd.org/pisa2022/2025/CY09_MS_SCH_PUF.zip
PISA 2022,SAS Data Files (Compressed),School questionnaire data file,https://webfs.oecd.org/pisa2022/SCH_QQQ_SAS.zip,direct,7.23,https://webfs.oecd.org/pisa2022/SCH_QQQ_SAS.zip
PISA 2022,SAS Data Files (Compressed),Student questionnaire data file,https://webfs.oecd.org/pisa2022/STU_QQQ_SAS.zip,direct,737.55,https://webfs.oecd.org/pisa2022/STU_QQQ_SAS.zip
PISA 2022,SAS Data Files (Compressed),Teacher questionnaire data file,https://webfs.oecd.org/pisa2022/TCH_QQQ_SAS.zip,direct,29.23,https://webfs.oecd.org/pisa2022/TCH_QQQ_SAS.zip
PISA 2022,SAS Data Files (Compressed),Cognitive item data file,https://webfs.oecd.org/pisa2022/STU_COG_SAS.zip,direct,656.07,https://webfs.oecd.org/pisa2022/STU_COG_SAS.zip
PISA 2022,SAS Data Files (Compressed),Questionnaire timing data file,https://webfs.oecd.org/pisa2022/STU_TIM_SAS.zip,direct,201.3,https://webfs.oecd.org/pisa2022/STU_TIM_SAS.zip
PISA 2022,SAS Data Files (Compressed),Creative Thinking data file,https://webfs.oecd.org/pisa2022/CRT_SAS.zip,direct,113.07,https://webfs.oecd.org/pisa2022/CRT_SAS.zip
PISA 2022,SAS Data Files (Compressed),Financial Literacy data file,https://webfs.oecd.org/pisa2022/FLT_SAS.zip,direct,233.66,https://webfs.oecd.org/pisa2022/FLT_SAS.zip
PISA 2022,SPSS Data Files (Compressed),School questionnaire data file,https://webfs.oecd.org/pisa2022/SCH_QQQ_SPSS.zip,direct,5.94,https://webfs.oecd.org/pisa2022/SCH_QQQ_SPSS.zip
PISA 2022,SPSS Data Files (Compressed),Student questionnaire data file,https://webfs.oecd.org/pisa2022/STU_QQQ_SPSS.zip,direct,650.75,https://webfs.oecd.org/pisa2022/STU_QQQ_SPSS.zip
PISA 2022,SPSS Data Files (Compressed),Teacher questionnaire data file,https://webfs.oecd.org/pisa2022/TCH_QQQ_SPSS.zip,direct,26.89,https://webfs.oecd.org/pisa2022/TCH_QQQ_SPSS.zip
PISA 2022,SPSS Data Files (Compressed),Cognitive item data file,https://webfs.oecd.org/pisa2022/STU_COG_SPSS.zip,direct,458.51,https://webfs.oecd.org/pisa2022/STU_COG_SPSS.zip
PISA 2022,SPSS Data Files (Compressed),Questionnaire timing data file,https://webfs.oecd.org/pisa2022/STU_TIM_SPSS.zip,direct,207.98,https://webfs.oecd.org/pisa2022/STU_TIM_SPSS.zip
PISA 2022,SPSS Data Files (Compressed),Creative Thinking data file,https://webfs.oecd.org/pisa2022/CRT_SPSS.zip,direct,105.12,https://webfs.oecd.org/pisa2022/CRT_SPSS.zip
PISA 2022,SPSS Data Files (Compressed),Financial Literacy data file,https://webfs.oecd.org/pisa2022/FLT_SPSS.zip,direct,210.45,https://webfs.oecd.org/pisa2022/FLT_SPSS.zip
PISA 2022,SPSS Data Files (Compressed),Rescaled indices for trend analyses,https://webfs.oecd.org/pisa2022/escs_trend.zip,direct,21.36,https://webfs.oecd.org/pisa2022/escs_trend.zip
PISA 2022,SPSS Data Files (Compressed),available in CSV only,https://webfs.oecd.org/pisa2022/escs_trend.zip,direct,21.36,https://webfs.oecd.org/pisa2022/escs_trend.zip
PISA 2018,SAS Data Files (Compressed),Student Questionnaire Data File,https://webfs.oecd.org/pisa2018/SAS_STU_QQQ.zip,direct,583.1,https://webfs.oecd.org/pisa2018/SAS_STU_QQQ.zip
PISA 2018,SAS Data Files (Compressed),School Questionnaire Data File,https://webfs.oecd.org/pisa2018/SAS_SCH_QQQ.zip,direct,3.65,https://webfs.oecd.org/pisa2018/SAS_SCH_QQQ.zip
PISA 2018,SAS Data Files (Compressed),Teacher Questionnaire Data File,https://webfs.oecd.org/pisa2018/SAS_TCH_QQQ.zip,direct,16.9,https://webfs.oecd.org/pisa2018/SAS_TCH_QQQ.zip
PISA 2018,SAS Data Files (Compressed),Cognitive Item Data File,https://webfs.oecd.org/pisa2018/SAS_STU_COG.zip,direct,570.06,https://webfs.oecd.org/pisa2018/SAS_STU_COG.zip
PISA 2018,SAS Data Files (Compressed),Questionnaire Timing Data File,https://webfs.oecd.org/pisa2018/SAS_STU_TIM.zip,direct,179.57,https://webfs.oecd.org/pisa2018/SAS_STU_TIM.zip
PISA 2018,SAS Data Files (Compressed),Financial Literacy Data File,https://webfs.oecd.org/pisa2018/SAS_STU_FLT.zip,direct,282.21,https://webfs.oecd.org/pisa2018/SAS_STU_FLT.zip
PISA 2018,SAS Data Files (Compressed),Cognitive items total time/visits data file,https://webfs.oecd.org/pisa2018/SAS_STU_TTM.zip,direct,188.66,https://webfs.oecd.org/pisa2018/SAS_STU_TTM.zip
PISA 2018,SAS Data Files (Compressed),Moscow City data file,https://webfs.oecd.org/pisa2018/SAS_QMC_ALLDB.zip,direct,23.13,https://webfs.oecd.org/pisa2018/SAS_QMC_ALLDB.zip
PISA 2018,SAS Data Files (Compressed),Additional data file for Viet Nam,https://webfs.oecd.org/pisa2018/SAS_VNM_PV_COG.zip,direct,1.81,https://webfs.oecd.org/pisa2018/SAS_VNM_PV_COG.zip
PISA 2018,SPSS Data Files (Compressed),Student Questionnaire Data File,https://webfs.oecd.org/pisa2018/SPSS_STU_QQQ.zip,direct,477.75,https://webfs.oecd.org/pisa2018/SPSS_STU_QQQ.zip
PISA 2018,SPSS Data Files (Compressed),School Questionnaire Data File,https://webfs.oecd.org/pisa2018/SPSS_SCH_QQQ.zip,direct,2.96,https://webfs.oecd.org/pisa2018/SPSS_SCH_QQQ.zip
PISA 2018,SPSS Data Files (Compressed),Teacher Questionnaire Data File,https://webfs.oecd.org/pisa2018/SPSS_TCH_QQQ.zip,direct,12.55,https://webfs.oecd.org/pisa2018/SPSS_TCH_QQQ.zip
PISA 2018,SPSS Data Files (Compressed),Cognitive Item Data File,https://webfs.oecd.org/pisa2018/SPSS_STU_COG.zip,direct,455.45,https://webfs.oecd.org/pisa2018/SPSS_STU_COG.zip
PISA 2018,SPSS Data Files (Compressed),Questionnaire Timing Data File,https://webfs.oecd.org/pisa2018/SPSS_STU_TIM.zip,direct,184.01,https://webfs.oecd.org/pisa2018/SPSS_STU_TIM.zip
PISA 2018,SPSS Data Files (Compressed),Financial Literacy Data File,https://webfs.oecd.org/pisa2018/SPSS_STU_FLT.zip,direct,238.61,https://webfs.oecd.org/pisa2018/SPSS_STU_FLT.zip
PISA 2018,SPSS Data Files (Compressed),Cognitive items total time/visits data file,https://webfs.oecd.org/pisa2018/SPSS_STU_TTM.zip,direct,176.02,https://webfs.oecd.org/pisa2018/SPSS_STU_TTM.zip
PISA 2018,SPSS Data Files (Compressed),Moscow City data file,https://webfs.oecd.org/pisa2018/SPSS_QMC_ALLDB.zip,direct,19.58,https://webfs.oecd.org/pisa2018/SPSS_QMC_ALLDB.zip
PISA 2018,SPSS Data Files (Compressed),Additional data file for Viet Nam,https://webfs.oecd.org/pisa2018/SPSS_VNM_PV_COG.zip,direct,2.89,https://webfs.oecd.org/pisa2018/SPSS_VNM_PV_COG.zip
PISA 2018,SPSS Data Files (Compressed),Annex K,https://www.oecd.org/content/dam/oecd/en/data/datasets/pisa/pisa-2018-datasets/ssas-sps-data-files/PISA2018%20Aneex%20K%20TechReport.pdf,direct,0.79,https://www.oecd.org/content/dam/oecd/en/data/datasets/pisa/pisa-2018-datasets/ssas-sps-data-files/PISA2018%20Aneex%20K%20TechReport.pdf
PISA 2018,SPSS Data Files (Compressed),PISA 2018 Technical Report,https://www.oecd.org/content/dam/oecd/en/about/programmes/edu/pisa/publications/technical-report/pisa-2018-technical-report-files/PISA%202018%20Technical%20report%20-%20chapter%2014.pdf,direct,0.79,https://www.oecd.org/content/dam/oecd/en/about/programmes/edu/pisa/publications/technical-report/pisa-2018-technical-report-files/PISA%202018%20Technical%20report%20-%20chapter%2014.pdf
PISA 2015,SAS Data Files (Compressed),Student Questionnaire Data File,https://webfs.oecd.org/pisa/PUF_SAS_COMBINED_CMB_STU_QQQ.zip,direct,411.33,https://webfs.oecd.org/pisa/PUF_SAS_COMBINED_CMB_STU_QQQ.zip
PISA 2015,SAS Data Files (Compressed),School Questionnaire Data File,https://webfs.oecd.org/pisa/PUF_SAS_COMBINED_CMB_SCH_QQQ.zip,direct,4.17,https://webfs.oecd.org/pisa/PUF_SAS_COMBINED_CMB_SCH_QQQ.zip
PISA 2015,SAS Data Files (Compressed),Teacher Questionnaire Data File,https://webfs.oecd.org/pisa/PUF_SAS_COMBINED_CMB_TCH_QQQ.zip,direct,104.7,https://webfs.oecd.org/pisa/PUF_SAS_COMBINED_CMB_TCH_QQQ.zip
PISA 2015,SAS Data Files (Compressed),Cognitive Item Data File,https://webfs.oecd.org/pisa/PUF_SAS_COMBINED_CMB_STU_COG.zip,direct,184.05,https://webfs.oecd.org/pisa/PUF_SAS_COMBINED_CMB_STU_COG.zip
PISA 2015,SAS Data Files (Compressed),Questionnaire Timing Data File,https://webfs.oecd.org/pisa/PUF_SAS_COMBINED_CMB_STU_QTM.zip,direct,124.24,https://webfs.oecd.org/pisa/PUF_SAS_COMBINED_CMB_STU_QTM.zip
PISA 2015,SAS Data Files (Compressed),Financial Literacy Data File,https://webfs.oecd.org/pisa/PUF_SAS_COMBINED_CMB_STU_FLT.zip,direct,22.26,https://webfs.oecd.org/pisa/PUF_SAS_COMBINED_CMB_STU_FLT.zip
PISA 2015,SAS Data Files (Compressed),Creative Problem Solving Data File,https://webfs.oecd.org/pisa/PUF_SAS_COMBINED_CMB_STU_CPS.zip,direct,35.24,https://webfs.oecd.org/pisa/PUF_SAS_COMBINED_CMB_STU_CPS.zip
PISA 2015,SAS Data Files (Compressed),"Additional files for Albania, Argentina, Kazakhstan and Malaysia",https://webfs.oecd.org/pisa/PUF_SAS_COMBINED_CM2_STU_QQQ_COG_QTM_SCH_TCH.zip,direct,27.99,https://webfs.oecd.org/pisa/PUF_SAS_COMBINED_CM2_STU_QQQ_COG_QTM_SCH_TCH.zip
PISA 2015,SAS Data Files (Compressed),Cognitivie items total time/visits data file,https://webfs.oecd.org/pisa/PUF_SAS_STU_TTM.zip,direct,112.18,https://webfs.oecd.org/pisa/PUF_SAS_STU_TTM.zip
PISA 2015,SAS Data Files (Compressed),Rescaled indides for trend analysis**,https://webfs.oecd.org/pisa/trend_escs_SAS.zip,direct,16.69,https://webfs.oecd.org/pisa/trend_escs_SAS.zip
PISA 2015,SPSS Data Files (Compressed),Student Questionnaire Data File,https://webfs.oecd.org/pisa/PUF_SPSS_COMBINED_CMB_STU_QQQ.zip,direct,419.84,https://webfs.oecd.org/pisa/PUF_SPSS_COMBINED_CMB_STU_QQQ.zip
PISA 2015,SPSS Data Files (Compressed),School Questionnaire Data File,https://webfs.oecd.org/pisa/PUF_SPSS_COMBINED_CMB_SCH_QQQ.zip,direct,3.34,https://webfs.oecd.org/pisa/PUF_SPSS_COMBINED_CMB_SCH_QQQ.zip
PISA 2015,SPSS Data Files (Compressed),Teacher Questionnaire Data File,https://webfs.oecd.org/pisa/PUF_SPSS_COMBINED_CMB_TCH_QQQ.zip,direct,9.29,https://webfs.oecd.org/pisa/PUF_SPSS_COMBINED_CMB_TCH_QQQ.zip
PISA 2015,SPSS Data Files (Compressed),Cognitive Item Data File,https://webfs.oecd.org/pisa/PUF_SPSS_COMBINED_CMB_STU_COG.zip,direct,164.08,https://webfs.oecd.org/pisa/PUF_SPSS_COMBINED_CMB_STU_COG.zip
PISA 2015,SPSS Data Files (Compressed),Questionnaire Timing Data File,https://webfs.oecd.org/pisa/PUF_SPSS_COMBINED_CMB_STU_QTM.zip,direct,128.05,https://webfs.oecd.org/pisa/PUF_SPSS_COMBINED_CMB_STU_QTM.zip
PISA 2015,SPSS Data Files (Compressed),Financial Literacy Data File,https://webfs.oecd.org/pisa/PUF_SPSS_COMBINED_CMB_STU_FLT.zip,direct,21.78,https://webfs.oecd.org/pisa/PUF_SPSS_COMBINED_CMB_STU_FLT.zip
PISA 2015,SPSS Data Files (Compressed),Creative Problem Solving Data File,https://webfs.oecd.org/pisa/PUF_SPSS_COMBINED_CMB_STU_CPS.zip,direct,34.62,https://webfs.oecd.org/pisa/PUF_SPSS_COMBINED_CMB_STU_CPS.zip
PISA 2015,SPSS Data Files (Compressed),"Additional files for Albania, Argentina, Kazakhstan and Malaysia",https://webfs.oecd.org/pisa/PUF_SPSS_COMBINED_CM2_STU_QQQ_COG_QTM_SCH_TCH.zip,direct,24.57,https://webfs.oecd.org/pisa/PUF_SPSS_COMBINED_CM2_STU_QQQ_COG_QTM_SCH_TCH.zip
PISA 2015,SPSS Data Files (Compressed),Cognitivie items total time/visits data file,https://webfs.oecd.org/pisa/PUF_SPSS_STU_TTM.zip,direct,104.97,https://webfs.oecd.org/pisa/PUF_SPSS_STU_TTM.zip
PISA 2015,SPSS Data Files (Compressed),Rescaled indides for trend analysis**,https://webfs.oecd.org/pisa/trend_escs_SPSS.zip,direct,19.26,https://webfs.oecd.org/pisa/trend_escs_SPSS.zip
PISA 2015,SPSS Data Files (Compressed),Annex K,https://www.oecd.org/content/dam/oecd/en/data/datasets/pisa/pisa-2018-datasets/ssas-sps-data-files/PISA2018%20Aneex%20K%20TechReport.pdf,direct,0.79,https://www.oecd.org/content/dam/oecd/en/data/datasets/pisa/pisa-2018-datasets/ssas-sps-data-files/PISA2018%20Aneex%20K%20TechReport.pdf
PISA 2012,SAS Control Files,Syntax to read in student questionnaire data file,https://www.oecd.org/content/dam/oecd/en/data/datasets/pisa/pisa-2012-datasets/main-survey/sas-and-spss-control-files/PISA2012_SAS_student.sas,blocked,,
PISA 2012,SAS Control Files,Syntax to read in school questionnaire data file,https://www.oecd.org/content/dam/oecd/en/data/datasets/pisa/pisa-2012-datasets/main-survey/sas-and-spss-control-files/PISA2012_SAS_school.sas,blocked,,
PISA 2012,SAS Control Files,Syntax to read in parent questionnaire data file,https://www.oecd.org/content/dam/oecd/en/data/datasets/pisa/pisa-2012-datasets/main-survey/sas-and-spss-control-files/PISA2012_SAS_parent.sas,blocked,,
PISA 2012,SAS Control Files,Syntax to read in cognitive item response data file,https://www.oecd.org/content/dam/oecd/en/data/datasets/pisa/pisa-2012-datasets/main-survey/sas-and-spss-control-files/PISA2012_SAS_cognitive_item.sas,blocked,,
PISA 2012,SAS Control Files,Syntax to read in scored cognitive item response data file,https://www.oecd.org/content/dam/oecd/en/data/datasets/pisa/pisa-2012-datasets/main-survey/sas-and-spss-control-files/PISA2012_SAS_scored_cognitive_item.sas,blocked,,
PISA 2012,SPSS Control Files,Syntax to read in student questionnaire data file,https://www.oecd.org/content/dam/oecd/en/data/datasets/pisa/pisa-2012-datasets/main-survey/sas-and-spss-control-files/SPSS%20syntax%20to%20read%20in%20student%20questionnaire%20data%20file.txt,direct,0.31,https://www.oecd.org/content/dam/oecd/en/data/datasets/pisa/pisa-2012-datasets/main-survey/sas-and-spss-control-files/SPSS%20syntax%20to%20read%20in%20student%20questionnaire%20data%20file.txt
PISA 2012,SPSS Control Files,Syntax to read in school questionnaire data file,https://www.oecd.org/content/dam/oecd/en/data/datasets/pisa/pisa-2012-datasets/main-survey/sas-and-spss-control-files/SPSS%20syntax%20to%20read%20in%20school%20questionnaire%20data%20file.txt,direct,0.14,https://www.oecd.org/content/dam/oecd/en/data/datasets/pisa/pisa-2012-datasets/main-survey/sas-and-spss-control-files/SPSS%20syntax%20to%20read%20in%20school%20questionnaire%20data%20file.txt
PISA 2012,SPSS Control Files,Syntax to read in parent questionnaire data file,https://www.oecd.org/content/dam/oecd/en/data/datasets/pisa/pisa-2012-datasets/main-survey/sas-and-spss-control-files/SPSS%20syntax%20to%20read%20in%20parent%20questionnaire%20data%20file.txt,direct,0.15,https://www.oecd.org/content/dam/oecd/en/data/datasets/pisa/pisa-2012-datasets/main-survey/sas-and-spss-control-files/SPSS%20syntax%20to%20read%20in%20parent%20questionnaire%20data%20file.txt
PISA 2012,SPSS Control Files,Syntax to read in cognitive item response data file,https://www.oecd.org/content/dam/oecd/en/data/datasets/pisa/pisa-2012-datasets/main-survey/sas-and-spss-control-files/SPSS%20syntax%20to%20read%20in%20cognitive%20item%20response%20data%20file.txt,direct,0.17,https://www.oecd.org/content/dam/oecd/en/data/datasets/pisa/pisa-2012-datasets/main-survey/sas-and-spss-control-files/SPSS%20syntax%20to%20read%20in%20cognitive%20item%20response%20data%20file.txt
PISA 2012,SPSS Control Files,Syntax to read in scored cognitive item response data file,https://www.oecd.org/content/dam/oecd/en/data/datasets/pisa/pisa-2012-datasets/main-survey/sas-and-spss-control-files/SPSS%20syntax%20to%20read%20in%20scored%20cognitive%20item%20response%20data%20file.txt,direct,0.13,https://www.oecd.org/content/dam/oecd/en/data/datasets/pisa/pisa-2012-datasets/main-survey/sas-and-spss-control-files/SPSS%20syntax%20to%20read%20in%20scored%20cognitive%20item%20response%20data%20file.txt
PISA 2012,Data sets in TXT format,Student questionnaire data file,https://www.oecd.org/content/dam/oecd/en/data/datasets/pisa/pisa-2012-datasets/main-survey/data-sets-in-txt-format/INT_STU12_DEC03.zip,wayback,222.05,https://web.archive.org/web/2023id_/https://www.oecd.org/pisa/pisaproducts/INT_STU12_DEC03.zip
PISA 2012,Data sets in TXT format,School questionnaire data file,https://www.oecd.org/content/dam/oecd/en/data/datasets/pisa/pisa-2012-datasets/main-survey/data-sets-in-txt-format/INT_SCQ12_DEC03.zip,wayback,2.69,https://web.archive.org/web/2023id_/https://www.oecd.org/pisa/pisaproducts/INT_SCQ12_DEC03.zip
PISA 2012,Data sets in TXT format,Parent questionnaire data file,https://www.oecd.org/content/dam/oecd/en/data/datasets/pisa/pisa-2012-datasets/main-survey/data-sets-in-txt-format/INT_PAQ12_DEC03.zip,wayback,5.21,https://web.archive.org/web/2023id_/https://www.oecd.org/pisa/pisaproducts/INT_PAQ12_DEC03.zip
PISA 2012,Data sets in TXT format,Cognitive item response data file,https://www.oecd.org/content/dam/oecd/en/data/datasets/pisa/pisa-2012-datasets/main-survey/data-sets-in-txt-format/INT_COG12_DEC03.zip,wayback,26.54,https://web.archive.org/web/2023id_/https://www.oecd.org/pisa/pisaproducts/INT_COG12_DEC03.zip
PISA 2012,Data sets in TXT format,Scored cognitive item response data file,https://www.oecd.org/content/dam/oecd/en/data/datasets/pisa/pisa-2012-datasets/main-survey/data-sets-in-txt-format/INT_COG12_S_DEC03.zip,wayback,12.02,https://web.archive.org/web/2023id_/https://www.oecd.org/pisa/pisaproducts/INT_COG12_S_DEC03.zip
PISA 2009,SAS Control Files,Syntax to read in student questionnaire data file,https://www.oecd.org/content/dam/oecd/en/data/datasets/pisa/pisa-2009-datasets/sas-and-spss-control-files/PISA2009_SAS_student.sas,blocked,,
PISA 2009,SAS Control Files,Syntax to read in school questionnaire data file,https://www.oecd.org/content/dam/oecd/en/data/datasets/pisa/pisa-2009-datasets/sas-and-spss-control-files/PISA2009_SAS_school.sas,blocked,,
PISA 2009,SAS Control Files,Syntax to read in parent questionnaire data file,https://www.oecd.org/content/dam/oecd/en/data/datasets/pisa/pisa-2009-datasets/sas-and-spss-control-files/PISA2009_SAS_parent.sas,blocked,,
PISA 2009,SAS Control Files,Syntax to read in cognitive item response data file,https://www.oecd.org/content/dam/oecd/en/data/datasets/pisa/pisa-2009-datasets/sas-and-spss-control-files/PISA2009_SAS_cognitive_item.sas,blocked,,
PISA 2009,SAS Control Files,Syntax to read in scored cognitive item response data file,https://www.oecd.org/content/dam/oecd/en/data/datasets/pisa/pisa-2009-datasets/sas-and-spss-control-files/PISA2009_SAS_scored_cognitive_item.sas,blocked,,
PISA 2009,SPSS Control Files,Syntax to read in student questionnaire data file,https://www.oecd.org/content/dam/oecd/en/data/datasets/pisa/pisa-2009-datasets/sas-and-spss-control-files/PISA2009_SPSS_student.txt,direct,0.2,https://www.oecd.org/content/dam/oecd/en/data/datasets/pisa/pisa-2009-datasets/sas-and-spss-control-files/PISA2009_SPSS_student.txt
PISA 2009,SPSS Control Files,Syntax to read in school questionnaire data file,https://www.oecd.org/content/dam/oecd/en/data/datasets/pisa/pisa-2009-datasets/sas-and-spss-control-files/PISA2009_SPSS_school.txt,direct,0.1,https://www.oecd.org/content/dam/oecd/en/data/datasets/pisa/pisa-2009-datasets/sas-and-spss-control-files/PISA2009_SPSS_school.txt
PISA 2009,SPSS Control Files,Syntax to read in parent questionnaire data file,https://www.oecd.org/content/dam/oecd/en/data/datasets/pisa/pisa-2009-datasets/sas-and-spss-control-files/PISA2009_SPSS_parent.txt,direct,0.09,https://www.oecd.org/content/dam/oecd/en/data/datasets/pisa/pisa-2009-datasets/sas-and-spss-control-files/PISA2009_SPSS_parent.txt
PISA 2009,SPSS Control Files,Syntax to read in cognitive item response data file,https://www.oecd.org/content/dam/oecd/en/data/datasets/pisa/pisa-2009-datasets/sas-and-spss-control-files/PISA2009_SPSS_cognitive_item.txt,direct,0.08,https://www.oecd.org/content/dam/oecd/en/data/datasets/pisa/pisa-2009-datasets/sas-and-spss-control-files/PISA2009_SPSS_cognitive_item.txt
PISA 2009,SPSS Control Files,Syntax to read in scored cognitive item response data file,https://www.oecd.org/content/dam/oecd/en/data/datasets/pisa/pisa-2009-datasets/sas-and-spss-control-files/PISA2009_SPSS_score_cognitive_item.txt,direct,0.03,https://www.oecd.org/content/dam/oecd/en/data/datasets/pisa/pisa-2009-datasets/sas-and-spss-control-files/PISA2009_SPSS_score_cognitive_item.txt
PISA 2009,Data sets in TXT format,Student questionnaire data file,https://www.oecd.org/content/dam/oecd/en/data/datasets/pisa/pisa-2009-datasets/data-sets-in-txt-format/INT_STQ09_DEC11.zip,wayback,164.4,https://web.archive.org/web/2023id_/https://www.oecd.org/pisa/pisaproducts/INT_STQ09_DEC11.zip
PISA 2009,Data sets in TXT format,School questionnaire data file,https://www.oecd.org/content/dam/oecd/en/data/datasets/pisa/pisa-2009-datasets/data-sets-in-txt-format/INT_SCQ09_Dec11.zip,wayback,1.76,https://web.archive.org/web/2023id_/https://www.oecd.org/pisa/pisaproducts/INT_SCQ09_Dec11.zip
PISA 2009,Data sets in TXT format,Parent questionnaire data file,https://www.oecd.org/content/dam/oecd/en/data/datasets/pisa/pisa-2009-datasets/data-sets-in-txt-format/INT_PAR09_DEC11.zip,wayback,2.86,https://web.archive.org/web/2023id_/https://www.oecd.org/pisa/pisaproducts/INT_PAR09_DEC11.zip
PISA 2009,Data sets in TXT format,Cognitive item response data file,https://www.oecd.org/content/dam/oecd/en/data/datasets/pisa/pisa-2009-datasets/data-sets-in-txt-format/INT_COG09_TD_DEC11.zip,wayback,27.93,https://web.archive.org/web/2023id_/https://www.oecd.org/pisa/pisaproducts/INT_COG09_TD_DEC11.zip
PISA 2009,Data sets in TXT format,Scored cognitive item response data file,https://www.oecd.org/content/dam/oecd/en/data/datasets/pisa/pisa-2009-datasets/data-sets-in-txt-format/INT_COG09_S_DEC11.zip,wayback,13.17,https://web.archive.org/web/2023id_/https://www.oecd.org/pisa/pisaproducts/INT_COG09_S_DEC11.zip
PISA 2009 ERA,SAS Control Files,Syntax to read in student questionnaire data file,https://www.oecd.org/content/dam/oecd/en/data/datasets/pisa/pisa-2009-datasets/pisa-2009-era-datasets/sas-and-spss-control-files/PISA2009_SAS_ERA_student.txt,direct,0.14,https://www.oecd.org/content/dam/oecd/en/data/datasets/pisa/pisa-2009-datasets/pisa-2009-era-datasets/sas-and-spss-control-files/PISA2009_SAS_ERA_student.txt
PISA 2009 ERA,SAS Control Files,Syntax to read in school questionnaire data file,https://www.oecd.org/content/dam/oecd/en/data/datasets/pisa/pisa-2009-datasets/pisa-2009-era-datasets/sas-and-spss-control-files/PISA2009_SAS_ERA_school.txt,direct,0.09,https://www.oecd.org/content/dam/oecd/en/data/datasets/pisa/pisa-2009-datasets/pisa-2009-era-datasets/sas-and-spss-control-files/PISA2009_SAS_ERA_school.txt
PISA 2009 ERA,SAS Control Files,Syntax to read in cognitive item response data file,https://www.oecd.org/content/dam/oecd/en/data/datasets/pisa/pisa-2009-datasets/pisa-2009-era-datasets/sas-and-spss-control-files/PISA2009_SAS_ERA_cognitive_item.txt,direct,0.09,https://www.oecd.org/content/dam/oecd/en/data/datasets/pisa/pisa-2009-datasets/pisa-2009-era-datasets/sas-and-spss-control-files/PISA2009_SAS_ERA_cognitive_item.txt
PISA 2009 ERA,SAS Control Files,Syntax to read in scored cognitive and attitude item response data file,https://www.oecd.org/content/dam/oecd/en/data/datasets/pisa/pisa-2009-datasets/pisa-2009-era-datasets/sas-and-spss-control-files/PISA2009_SAS_ERA_scored_cognitive_item.txt,direct,0.03,https://www.oecd.org/content/dam/oecd/en/data/datasets/pisa/pisa-2009-datasets/pisa-2009-era-datasets/sas-and-spss-control-files/PISA2009_SAS_ERA_scored_cognitive_item.txt
PISA 2009 ERA,SPSS Control Files,Syntax to read in student questionnaire data file,https://www.oecd.org/content/dam/oecd/en/data/datasets/pisa/pisa-2009-datasets/pisa-2009-era-datasets/sas-and-spss-control-files/ERA_STQ09_SPSS_June11.sps,blocked,,
PISA 2009 ERA,SPSS Control Files,Syntax to read in school questionnaire data file,https://www.oecd.org/content/dam/oecd/en/data/datasets/pisa/pisa-2009-datasets/pisa-2009-era-datasets/sas-and-spss-control-files/ERA_SCQ09_SPSS_June11.sps,blocked,,
PISA 2009 ERA,SPSS Control Files,Syntax to read in cognitive item response data file,https://www.oecd.org/content/dam/oecd/en/data/datasets/pisa/pisa-2009-datasets/pisa-2009-era-datasets/sas-and-spss-control-files/ERA_COG09_TD_SPSS_June11.sps,blocked,,
PISA 2009 ERA,SPSS Control Files,Syntax to read in scored cognitive and attitude item response data file,https://www.oecd.org/content/dam/oecd/en/data/datasets/pisa/pisa-2009-datasets/pisa-2009-era-datasets/sas-and-spss-control-files/ERA_COG09_S_SPSS_June11.sps,blocked,,
PISA 2009 ERA,Data sets in TXT format,Student questionnaire data file,https://www.oecd.org/content/dam/oecd/en/data/datasets/pisa/pisa-2009-datasets/pisa-2009-era-datasets/data-sets-in-txt-format/ERA_STQ09_June11.zip,wayback,27.16,https://web.archive.org/web/2023id_/https://www.oecd.org/pisa/pisaproducts/ERA_STQ09_June11.zip
PISA 2009 ERA,Data sets in TXT format,School questionnaire data file,https://www.oecd.org/content/dam/oecd/en/data/datasets/pisa/pisa-2009-datasets/pisa-2009-era-datasets/data-sets-in-txt-format/ERA_SCQ09_June11.zip,wayback,0.32,https://web.archive.org/web/2023id_/https://www.oecd.org/pisa/pisaproducts/ERA_SCQ09_June11.zip
PISA 2009 ERA,Data sets in TXT format,Cognitive item response data file,https://www.oecd.org/content/dam/oecd/en/data/datasets/pisa/pisa-2009-datasets/pisa-2009-era-datasets/data-sets-in-txt-format/ERA_COG09_TD_June11.zip,wayback,6.13,https://web.archive.org/web/2023id_/https://www.oecd.org/pisa/pisaproducts/ERA_COG09_TD_June11.zip
PISA 2009 ERA,Data sets in TXT format,Scored cognitive item response data file,https://www.oecd.org/content/dam/oecd/en/data/datasets/pisa/pisa-2009-datasets/pisa-2009-era-datasets/data-sets-in-txt-format/ERA_COG09_S_June11.zip,wayback,3.12,https://web.archive.org/web/2023id_/https://www.oecd.org/pisa/pisaproducts/ERA_COG09_S_June11.zip
PISA 2009 ERA,Data sets in TXT format,Indices file,https://www.oecd.org/content/dam/oecd/en/data/datasets/pisa/pisa-2009-datasets/pisa-2009-era-datasets/sas-and-spss-control-files/ERA_Navigation_Indices.zip,wayback,1.01,https://web.archive.org/web/2023id_/https://www.oecd.org/pisa/pisaproducts/ERA_Navigation_Indices.zip
PISA 2006,SAS Control Files,Syntax to read in student questionnaire data file,https://www.oecd.org/content/dam/oecd/en/data/datasets/pisa/pisa-2006-datasets/sas-and-spss-control-files/PISA2006_SAS_student.sas,blocked,,
PISA 2006,SAS Control Files,Syntax to read in school questionnaire data file,https://www.oecd.org/content/dam/oecd/en/data/datasets/pisa/pisa-2006-datasets/sas-and-spss-control-files/PISA2006_SAS_school.sas,blocked,,
PISA 2006,SAS Control Files,Syntax to read in parent questionnaire data file,https://www.oecd.org/content/dam/oecd/en/data/datasets/pisa/pisa-2006-datasets/sas-and-spss-control-files/PISA2006_SAS_parent.sas,wayback,0.11,https://web.archive.org/web/2025id_/https://www.oecd.org/content/dam/oecd/en/data/datasets/pisa/pisa-2006-datasets/sas-and-spss-control-files/PISA2006_SAS_parent.sas
PISA 2006,SAS Control Files,Syntax to read in cognitive item response data file,https://www.oecd.org/content/dam/oecd/en/data/datasets/pisa/pisa-2006-datasets/sas-and-spss-control-files/PISA2006_SAS_cognitive_item.sas,blocked,,
PISA 2006,SAS Control Files,Syntax to read in scored cognitive item response data file,https://www.oecd.org/content/dam/oecd/en/data/datasets/pisa/pisa-2006-datasets/sas-and-spss-control-files/PISA2006_SAS_scored_cognitive_item.sas,blocked,,
PISA 2006,SPSS Control Files,Syntax to read in student questionnaire data file,https://www.oecd.org/content/dam/oecd/en/data/datasets/pisa/pisa-2006-datasets/sas-and-spss-control-files/PISA2006_SPSS_student.txt,direct,0.18,https://www.oecd.org/content/dam/oecd/en/data/datasets/pisa/pisa-2006-datasets/sas-and-spss-control-files/PISA2006_SPSS_student.txt
PISA 2006,SPSS Control Files,Syntax to read in school questionnaire data file,https://www.oecd.org/content/dam/oecd/en/data/datasets/pisa/pisa-2006-datasets/sas-and-spss-control-files/PISA2006_SPSS_school.txt,direct,0.07,https://www.oecd.org/content/dam/oecd/en/data/datasets/pisa/pisa-2006-datasets/sas-and-spss-control-files/PISA2006_SPSS_school.txt
PISA 2006,SPSS Control Files,Syntax to read in parent questionnaire data file,https://www.oecd.org/content/dam/oecd/en/data/datasets/pisa/pisa-2006-datasets/sas-and-spss-control-files/PISA2006_SPSS_parent.txt,direct,0.06,https://www.oecd.org/content/dam/oecd/en/data/datasets/pisa/pisa-2006-datasets/sas-and-spss-control-files/PISA2006_SPSS_parent.txt
PISA 2006,SPSS Control Files,Syntax to read in cognitive item response data file,https://www.oecd.org/content/dam/oecd/en/data/datasets/pisa/pisa-2006-datasets/sas-and-spss-control-files/PISA2006_SPSS_cognitive_item.txt,direct,0.1,https://www.oecd.org/content/dam/oecd/en/data/datasets/pisa/pisa-2006-datasets/sas-and-spss-control-files/PISA2006_SPSS_cognitive_item.txt
PISA 2006,SPSS Control Files,Syntax to read in scored cognitive item response data file,https://www.oecd.org/content/dam/oecd/en/data/datasets/pisa/pisa-2006-datasets/sas-and-spss-control-files/PISA2006_SPSS_scored_cognitive_item.txt,direct,0.05,https://www.oecd.org/content/dam/oecd/en/data/datasets/pisa/pisa-2006-datasets/sas-and-spss-control-files/PISA2006_SPSS_scored_cognitive_item.txt
PISA 2006,Data sets in TXT format,Student questionnaire data file,https://www.oecd.org/content/dam/oecd/en/data/datasets/pisa/pisa-2006-datasets/data-sets-in-txt-format/INT_Stu06_Dec07.zip,wayback,147.26,https://web.archive.org/web/2020id_/http://www.oecd.org/pisa/pisaproducts/INT_Stu06_Dec07.zip
PISA 2006,Data sets in TXT format,School questionnaire data file,https://www.oecd.org/content/dam/oecd/en/data/datasets/pisa/pisa-2006-datasets/data-sets-in-txt-format/INT_Sch06_Dec07.zip,wayback,1.32,https://web.archive.org/web/2025id_/https://www.oecd.org/content/dam/oecd/en/data/datasets/pisa/pisa-2006-datasets/data-sets-in-txt-format/INT_Sch06_Dec07.zip
PISA 2006,Data sets in TXT format,Parent questionnaire data file,https://www.oecd.org/content/dam/oecd/en/data/datasets/pisa/pisa-2006-datasets/data-sets-in-txt-format/INT_Par06_Dec07.zip,wayback,3.12,https://web.archive.org/web/2023id_/https://www.oecd.org/pisa/pisaproducts/INT_Par06_Dec07.zip
PISA 2006,Data sets in TXT format,Cognitive item response data file,https://www.oecd.org/content/dam/oecd/en/data/datasets/pisa/pisa-2006-datasets/data-sets-in-txt-format/INT_Cogn06_T_Dec07.zip,wayback,36.96,https://web.archive.org/web/2023id_/https://www.oecd.org/pisa/pisaproducts/INT_Cogn06_T_Dec07.zip
PISA 2006,Data sets in TXT format,Scored cognitive item response data file,https://www.oecd.org/content/dam/oecd/en/data/datasets/pisa/pisa-2006-datasets/data-sets-in-txt-format/INT_Cogn06_S_Dec07.zip,wayback,21.17,https://web.archive.org/web/2023id_/https://www.oecd.org/pisa/pisaproducts/INT_Cogn06_S_Dec07.zip
PISA 2006,Data sets in TXT format,Data file,https://www.oecd.org/content/dam/oecd/en/data/datasets/pisa/pisa-2006-datasets/cbas-data/Comp_ICT06_Dec07.doc,direct,0.99,https://www.oecd.org/content/dam/oecd/en/data/datasets/pisa/pisa-2006-datasets/cbas-data/Comp_ICT06_Dec07.doc
PISA 2003,SAS Control Files,Syntax to read in student questionnaire data file,https://www.oecd.org/content/dam/oecd/en/data/datasets/pisa/pisa-2003-datasets/sas-and-spss-control-files/PISA2003_SAS_student.sas,blocked,,
PISA 2003,SAS Control Files,Syntax to read in school questionnaire data file,https://www.oecd.org/content/dam/oecd/en/data/datasets/pisa/pisa-2003-datasets/sas-and-spss-control-files/PISA2003_SAS_school.sas,blocked,,
PISA 2003,SAS Control Files,Syntax to read in cognitive item response data file,https://www.oecd.org/content/dam/oecd/en/data/datasets/pisa/pisa-2003-datasets/sas-and-spss-control-files/PISA2003_SAS_cognitive_item.sas,blocked,,
PISA 2003,SPSS Control Files,Syntax to read in student questionnaire data file,https://www.oecd.org/content/dam/oecd/en/data/datasets/pisa/pisa-2003-datasets/sas-and-spss-control-files/PISA2003_SPSS_student.txt,direct,0.14,https://www.oecd.org/content/dam/oecd/en/data/datasets/pisa/pisa-2003-datasets/sas-and-spss-control-files/PISA2003_SPSS_student.txt
PISA 2003,SPSS Control Files,Syntax to read in school questionnaire data file,https://www.oecd.org/content/dam/oecd/en/data/datasets/pisa/pisa-2003-datasets/sas-and-spss-control-files/PISA2003_SPSS_school.txt,direct,0.08,https://www.oecd.org/content/dam/oecd/en/data/datasets/pisa/pisa-2003-datasets/sas-and-spss-control-files/PISA2003_SPSS_school.txt
PISA 2003,SPSS Control Files,Syntax to read in cognitive item response data file,https://www.oecd.org/content/dam/oecd/en/data/datasets/pisa/pisa-2003-datasets/sas-and-spss-control-files/PISA2003_SPSS_cognitive_item.txt,direct,0.01,https://www.oecd.org/content/dam/oecd/en/data/datasets/pisa/pisa-2003-datasets/sas-and-spss-control-files/PISA2003_SPSS_cognitive_item.txt
PISA 2003,Data sets in TXT format,Student questionnaire data file,https://www.oecd.org/content/dam/oecd/en/data/datasets/pisa/pisa-2003-datasets/data-sets-in-txt-formats/INT_stui_2003_v2.zip,wayback,97.96,https://web.archive.org/web/2025id_/https://www.oecd.org/content/dam/oecd/en/data/datasets/pisa/pisa-2003-datasets/data-sets-in-txt-formats/INT_stui_2003_v2.zip
PISA 2003,Data sets in TXT format,School questionnaire data file,https://www.oecd.org/content/dam/oecd/en/data/datasets/pisa/pisa-2003-datasets/data-sets-in-txt-formats/INT_schi_2003.zip,wayback,1.21,https://web.archive.org/web/2020id_/http://www.oecd.org/pisa/pisaproducts/INT_schi_2003.zip
PISA 2003,Data sets in TXT format,Cognitive item response data file,https://www.oecd.org/content/dam/oecd/en/data/datasets/pisa/pisa-2003-datasets/data-sets-in-txt-formats/INT_cogn_2003.zip,wayback,9.46,https://web.archive.org/web/2023id_/https://www.oecd.org/pisa/pisaproducts/INT_cogn_2003.zip
PISA 2000,SAS Control Files,Syntax to read in cognitive item response data file,https://www.oecd.org/content/dam/oecd/en/data/datasets/pisa/pisa-2000-datasets/sas-and-spss-control-files/PISA-2000-SAS-control-file-for-the-cognitive-item-data-file.sas,blocked,,
PISA 2000,SAS Control Files,Syntax to read in school questionnaire data file,https://www.oecd.org/content/dam/oecd/en/data/datasets/pisa/pisa-2000-datasets/sas-and-spss-control-files/PISA2000_SAS_school_questionnaire.sas,blocked,,
PISA 2000,SAS Control Files,Syntax to read in student questionnaire and mathematic achievement data file,https://www.oecd.org/content/dam/oecd/en/data/datasets/pisa/pisa-2000-datasets/sas-and-spss-control-files/PISA2000_SAS_student_mathematics.sas,blocked,,
PISA 2000,SAS Control Files,Syntax to read in student questionnaire and reading achievement data file,https://www.oecd.org/content/dam/oecd/en/data/datasets/pisa/pisa-2000-datasets/sas-and-spss-control-files/PISA2000_SAS_student_reading.sas,blocked,,
PISA 2000,SAS Control Files,Syntax to read in student questionnaire and science achievement data file,https://www.oecd.org/content/dam/oecd/en/data/datasets/pisa/pisa-2000-datasets/sas-and-spss-control-files/PISA2000_SAS_student_science.sas,blocked,,
PISA 2000,SPSS Control Files,Syntax to read in cognitive item response data file,https://www.oecd.org/content/dam/oecd/en/data/datasets/pisa/pisa-2000-datasets/sas-and-spss-control-files/PISA2000_SPSS_cognitive_item.txt,direct,0.02,https://www.oecd.org/content/dam/oecd/en/data/datasets/pisa/pisa-2000-datasets/sas-and-spss-control-files/PISA2000_SPSS_cognitive_item.txt
PISA 2000,SPSS Control Files,Syntax to read in school questionnaire data file,https://www.oecd.org/content/dam/oecd/en/data/datasets/pisa/pisa-2000-datasets/sas-and-spss-control-files/PISA2000_SPSS_school_questionnaire.txt,direct,0.02,https://www.oecd.org/content/dam/oecd/en/data/datasets/pisa/pisa-2000-datasets/sas-and-spss-control-files/PISA2000_SPSS_school_questionnaire.txt
PISA 2000,SPSS Control Files,Syntax to read in student questionnaire and mathematic achievement data file,https://www.oecd.org/content/dam/oecd/en/data/datasets/pisa/pisa-2000-datasets/sas-and-spss-control-files/PISA2000_SPSS_student_mathematics.txt,direct,0.04,https://www.oecd.org/content/dam/oecd/en/data/datasets/pisa/pisa-2000-datasets/sas-and-spss-control-files/PISA2000_SPSS_student_mathematics.txt
PISA 2000,SPSS Control Files,Syntax to read in student questionnaire and reading achievement data file,https://www.oecd.org/content/dam/oecd/en/data/datasets/pisa/pisa-2000-datasets/sas-and-spss-control-files/PISA2000_SPSS_student_reading.txt,direct,0.04,https://www.oecd.org/content/dam/oecd/en/data/datasets/pisa/pisa-2000-datasets/sas-and-spss-control-files/PISA2000_SPSS_student_reading.txt
PISA 2000,SPSS Control Files,Syntax to read in student questionnaire and science achievement data file,https://www.oecd.org/content/dam/oecd/en/data/datasets/pisa/pisa-2000-datasets/sas-and-spss-control-files/PISA2000_SPSS_student_science.txt,direct,0.04,https://www.oecd.org/content/dam/oecd/en/data/datasets/pisa/pisa-2000-datasets/sas-and-spss-control-files/PISA2000_SPSS_student_science.txt
PISA 2000,Data sets in TXT format,Manual for the PISA 2000 Database,https://www.oecd.org/content/dam/oecd/en/data/datasets/pisa/pisa-2000-datasets/data-sets-in-txt-formats/PISAMANUAL1020517.zip,wayback,0.99,https://web.archive.org/web/2022id_/https://www.oecd.org/pisa/pisaproducts/PISAMANUAL1020517.zip
PISA 2000,Data sets in TXT format,Test item response data file,https://www.oecd.org/content/dam/oecd/en/data/datasets/pisa/pisa-2000-datasets/data-sets-in-txt-formats/intcogn_v4.zip,wayback,8.09,https://web.archive.org/web/2023id_/https://www.oecd.org/pisa/pisaproducts/intcogn_v4.zip
PISA 2000,Data sets in TXT format,School questionnaire data file,https://www.oecd.org/content/dam/oecd/en/data/datasets/pisa/pisa-2000-datasets/data-sets-in-txt-formats/intscho.zip,wayback,0.87,https://web.archive.org/web/2023id_/https://www.oecd.org/pisa/pisaproducts/intscho.zip
PISA 2000,Data sets in TXT format,Student questionnaire and mathematic achievement data file,https://www.oecd.org/content/dam/oecd/en/data/datasets/pisa/pisa-2000-datasets/data-sets-in-txt-formats/intstud_math.zip,wayback,36.77,https://web.archive.org/web/2023id_/https://www.oecd.org/pisa/pisaproducts/intstud_math.zip
PISA 2000,Data sets in TXT format,Student questionnaire and reading achievement data file,https://www.oecd.org/content/dam/oecd/en/data/datasets/pisa/pisa-2000-datasets/data-sets-in-txt-formats/intstud_read.zip,wayback,54.9,https://web.archive.org/web/2023id_/https://www.oecd.org/pisa/pisaproducts/intstud_read.zip
PISA 2000,Data sets in TXT format,Student questionnaire and science achievement data file,https://www.oecd.org/content/dam/oecd/en/data/datasets/pisa/pisa-2000-datasets/data-sets-in-txt-formats/intstud_scie.zip,wayback,33.14,https://web.archive.org/web/2023id_/https://www.oecd.org/pisa/pisaproducts/intstud_scie.zip
PISA 2000,Data sets in TXT format,"Economic, social and cultural status (ESCS) data files",https://www.oecd.org/content/dam/oecd/en/data/datasets/pisa/pisa-2000-datasets/PISA2000_ESCS.zip,wayback,3.75,https://web.archive.org/web/2023id_/https://www.oecd.org/pisa/pisaproducts/PISA2000_ESCS.zip
PISA for Development,SAS Data Files (Compressed),School questionnaire Data File,https://www.oecd.org/content/dam/oecd/en/data/datasets/pisa-d/SCH_QQQ_sas.zip,blocked,,
PISA for Development,SAS Data Files (Compressed),Teacher questionnaire Data File,https://www.oecd.org/content/dam/oecd/en/data/datasets/pisa-d/TCH_QQQ_sas.zip,blocked,,
PISA for Development,SAS Data Files (Compressed),Cognitive item Data File,https://www.oecd.org/content/dam/oecd/en/data/datasets/pisa-d/STU_COG_sas.zip,blocked,,
PISA for Development,SAS Data Files (Compressed),"Individual respondent, parent/guardian, interviewer household observation questionnaire Data File",https://webfs.oecd.org/pisad/CY1MDCI_QQQ.zip,direct,2.98,https://webfs.oecd.org/pisad/CY1MDCI_QQQ.zip
PISA for Development,SAS Data Files (Compressed),Cognitive item Data File,https://webfs.oecd.org/pisad/CY1MDCI_COG.zip,direct,3.82,https://webfs.oecd.org/pisad/CY1MDCI_COG.zip
PISA for Development,SAS Data Files (Compressed),Questionnaire timing Data File,https://webfs.oecd.org/pisad/CY1MDCI_TIM.zip,direct,1.51,https://webfs.oecd.org/pisad/CY1MDCI_TIM.zip
PISA for Development,SPSS Data Files (Compressed),Student questionnaire Data File,https://www.oecd.org/content/dam/oecd/en/data/datasets/pisa-d/STU_QQQ_spss.zip,blocked,,
PISA for Development,SPSS Data Files (Compressed),School questionnaire Data File,https://www.oecd.org/content/dam/oecd/en/data/datasets/pisa-d/SCH_QQQ_spss.zip,blocked,,
PISA for Development,SPSS Data Files (Compressed),Teacher questionnaire Data File,https://www.oecd.org/content/dam/oecd/en/data/datasets/pisa-d/TCH_QQQ_spsss.zip,blocked,,
PISA for Development,SPSS Data Files (Compressed),Cognitive item Data File,https://www.oecd.org/content/dam/oecd/en/data/datasets/pisa-d/STU_COG_spss.zip,blocked,,
PISA for Development,SPSS Data Files (Compressed),"Individual respondent, parent/guardian, interviewer household observation questionnaire Data File",https://webfs.oecd.org/pisad/CY1MDCI_QQQ_SAV.zip,direct,2.13,https://webfs.oecd.org/pisad/CY1MDCI_QQQ_SAV.zip
PISA for Development,SPSS Data Files (Compressed),Cognitive item Data File,https://webfs.oecd.org/pisad/CY1MDCI_COG_SAV.zip,direct,4.05,https://webfs.oecd.org/pisad/CY1MDCI_COG_SAV.zip
PISA for Development,SPSS Data Files (Compressed),Questionnaire timing Data File,https://webfs.oecd.org/pisad/CY1MDCI_TIM_SAV.zip,direct,1.43,https://webfs.oecd.org/pisad/CY1MDCI_TIM_SAV.zip
